battery_power,bluetooth,dual_sim,front_camera_megapixel,four_g_network,internal_memory,mobile_width,n_cores,primary_camera,px_height,px_width,ram,screen_height,screen_width,talk_time,three_g,touch_screen,wifi
842,0,0,1,0,7,188,2,2,20,756,2549,9,7,19,0,0,1
1021,1,1,0,1,53,136,3,6,905,1988,2631,17,3,7,1,1,0
563,1,1,2,1,41,145,5,6,1263,1716,2603,11,2,9,1,1,0
615,1,0,0,0,10,131,6,9,1216,1786,2769,16,8,11,1,0,0
1821,1,0,13,1,44,141,2,14,1208,1212,1411,8,2,15,1,1,0
1859,0,1,3,0,22,164,1,7,1004,1654,1067,17,1,10,1,0,0
1821,0,0,4,1,10,139,8,10,381,1018,3220,13,8,18,1,0,1
1954,0,1,0,0,24,187,4,0,512,1149,700,16,3,5,1,1,1
1445,1,0,0,0,53,174,7,14,386,836,1099,17,1,20,1,0,0
509,1,1,2,1,9,93,5,15,1137,1224,513,19,10,12,1,0,0
769,1,1,0,0,9,182,5,1,248,874,3946,5,2,7,0,0,0
1520,1,0,5,1,33,177,8,18,151,1005,3826,14,9,13,1,1,1
1815,0,0,2,0,33,159,4,17,607,748,1482,18,0,2,1,0,0
803,1,0,7,0,17,198,4,11,344,1440,2680,7,1,4,1,0,1
1866,0,0,13,1,52,185,1,17,356,563,373,14,9,3,1,0,1
775,0,0,3,0,46,159,2,16,862,1864,568,17,15,11,1,1,1
838,0,0,1,1,13,196,8,4,984,1850,3554,10,9,19,1,0,1
595,0,1,7,1,23,121,3,17,441,810,3752,10,2,18,1,1,0
1131,1,1,11,0,49,101,5,18,658,878,1835,19,13,16,1,1,0
682,1,0,4,0,19,121,4,11,902,1064,2337,11,1,18,0,1,1
772,0,1,12,0,39,81,7,14,1314,1854,2819,17,15,3,1,1,0
1709,1,0,1,0,13,156,2,2,974,1385,3283,17,1,15,1,0,0
1949,0,1,4,0,47,199,4,7,407,822,1433,11,5,20,0,0,1
1602,1,1,4,1,38,114,3,20,466,788,1037,8,7,20,1,0,0
503,0,1,5,1,8,111,3,13,201,1245,2583,11,0,12,1,0,0
961,1,1,0,1,57,114,8,3,291,1434,2782,18,9,7,1,1,1
519,1,1,7,1,51,132,4,19,550,645,3763,16,1,4,1,0,1
956,0,0,1,1,41,143,7,6,511,1075,3286,17,8,12,1,1,0
1453,0,1,12,1,52,96,2,18,187,1311,2373,10,1,10,1,1,1
851,0,0,3,0,21,200,5,7,1171,1263,478,12,7,10,1,0,1
1579,1,1,0,0,5,88,7,9,1358,1739,3532,17,11,12,0,0,1
1568,1,0,16,0,33,150,8,20,413,654,508,5,1,6,1,1,1
1319,1,0,3,1,41,107,1,18,85,1152,2227,18,5,3,1,1,1
1310,1,1,0,1,51,100,4,0,178,1919,3845,7,0,12,1,1,0
644,1,0,0,0,22,157,8,3,311,881,1262,12,1,15,1,0,0
725,0,1,16,0,60,160,8,17,1134,1249,1326,10,4,15,1,0,0
589,1,1,1,0,61,160,4,10,429,815,2113,13,7,2,1,0,1
1725,1,1,6,1,6,119,2,18,609,1307,3429,6,5,4,1,1,0
790,0,1,16,1,11,87,6,17,347,730,3169,6,1,2,1,0,1
560,0,1,15,0,50,159,2,20,1448,1613,2150,18,12,11,1,1,0
1347,0,0,5,0,44,132,1,14,434,967,2484,18,2,11,1,0,1
1646,1,0,8,1,41,185,2,10,1725,1932,3339,18,10,19,1,1,0
1253,1,1,5,1,5,152,2,19,685,714,1878,15,0,4,1,1,0
1656,0,0,5,1,34,166,3,7,880,1456,1629,15,12,14,1,1,0
1195,1,0,1,1,20,110,2,14,1580,1652,504,9,3,12,1,1,0
1514,0,0,0,0,27,118,3,1,186,1810,1152,8,3,20,0,1,1
1723,1,1,1,0,42,164,8,14,202,1791,3587,10,5,3,1,0,0
1054,1,1,3,1,40,196,7,10,27,774,2296,16,12,12,1,0,1
578,1,1,2,1,57,162,8,8,1025,1433,1270,15,3,5,1,0,1
596,0,1,9,0,64,111,8,15,885,1854,3238,16,13,10,0,0,0
1547,1,1,2,1,14,198,3,19,1042,1832,2059,5,0,15,1,0,1
1760,0,1,5,0,63,127,8,19,1382,1383,2053,19,12,16,0,1,0
1654,1,1,0,1,43,109,2,0,546,629,3112,12,5,10,1,1,0
1457,0,1,1,1,16,102,3,10,1013,1287,1440,17,8,12,1,0,1
1073,1,1,0,0,51,145,7,0,690,804,2908,6,0,18,0,1,0
1936,0,1,10,1,46,104,3,20,667,1036,2552,14,7,13,1,0,0
823,1,1,13,0,60,148,8,19,822,1449,905,14,11,17,1,1,1
987,0,1,0,1,61,107,3,9,581,820,3963,9,4,20,1,0,1
1757,0,0,8,0,49,180,6,14,265,713,2056,7,5,4,0,0,0
1063,0,1,2,1,48,128,5,4,127,683,2910,15,13,9,1,1,1
1484,0,0,3,0,12,134,3,5,916,969,1457,14,4,20,1,1,0
799,1,0,1,1,63,144,8,6,361,975,431,15,6,6,1,1,1
1156,1,1,0,1,50,159,2,0,322,547,470,7,0,15,1,1,0
1720,0,0,15,1,55,168,2,18,753,1353,2148,14,2,5,1,1,1
702,0,1,2,1,9,141,3,3,504,1570,2955,10,4,19,1,0,0
616,0,1,13,1,44,81,3,17,651,1618,3366,18,8,13,1,1,0
1358,1,0,11,1,36,155,4,14,1565,1858,3068,9,4,4,1,1,0
1866,0,0,0,0,30,182,3,0,108,1781,3834,16,11,8,0,0,0
1242,0,1,0,0,10,165,2,1,459,1225,1050,11,1,4,1,0,1
1166,0,1,0,1,43,80,4,1,205,603,3993,7,1,7,1,1,0
1448,1,1,6,1,45,138,7,11,570,1724,3378,13,11,2,1,1,1
1407,1,0,1,1,22,104,4,4,1172,1217,2192,9,7,13,1,0,1
605,0,0,8,1,9,142,3,16,160,1026,392,15,6,4,1,0,0
1038,0,0,3,0,43,141,1,5,4,638,3709,11,0,12,1,1,1
797,1,1,4,0,38,90,4,6,763,1413,590,9,2,6,0,1,0
819,0,1,8,1,42,188,6,20,339,1242,1814,5,4,13,1,0,1
1114,0,0,4,1,9,197,3,15,1040,1071,907,10,7,17,1,1,0
1234,1,1,1,0,33,172,1,3,166,778,1449,11,7,6,0,0,1
1199,1,1,15,1,16,116,4,20,1168,1552,3448,17,13,10,1,0,1
1103,0,1,6,0,29,111,6,8,990,1486,1837,8,7,16,0,1,1
1589,1,1,0,1,58,85,7,7,319,1206,3464,19,10,6,1,1,1
999,0,1,11,1,64,199,4,19,1397,1616,2593,14,11,16,1,1,0
1510,1,1,2,0,45,180,5,3,708,1752,3484,9,6,11,0,1,1
1008,0,0,11,0,61,114,3,15,1077,1122,2009,10,3,11,1,0,0
1127,1,1,5,1,57,163,1,13,928,1049,2048,11,5,17,1,1,1
1412,1,0,5,0,25,96,8,17,516,1894,837,15,9,4,0,0,1
1496,1,1,4,0,42,182,5,5,96,741,854,16,0,7,0,1,1
1083,1,1,1,1,64,178,3,11,1025,1118,3210,13,3,4,1,0,0
668,0,1,0,0,3,155,5,13,666,1203,2746,9,5,8,1,1,1
1309,0,1,0,0,33,100,4,14,557,1402,2334,10,1,11,1,0,1
1724,0,1,2,1,57,177,3,5,1605,1924,2822,19,3,16,1,1,0
1977,1,1,7,1,54,171,7,18,1226,1242,1971,18,7,14,1,1,0
885,0,1,0,1,15,103,7,0,769,802,1410,16,10,5,1,1,1
879,1,0,11,1,14,83,6,15,403,1105,349,16,10,2,1,0,1
1322,0,1,6,0,7,140,3,9,177,1990,1418,19,17,12,0,1,0
1137,1,0,18,0,7,196,3,19,942,1179,3616,13,5,12,1,1,1
1355,0,0,10,1,23,132,5,16,651,891,880,19,4,8,1,1,0
1665,1,0,3,1,60,194,6,18,1572,1684,1601,18,17,14,1,0,0
657,0,0,0,0,37,141,2,1,476,961,1412,14,3,18,0,1,0
593,0,0,6,0,31,156,7,7,1233,1317,1692,6,2,7,1,0,0
1883,1,0,3,1,10,146,6,13,836,1739,2600,16,8,20,1,0,0
1732,1,0,4,1,12,119,8,9,824,881,1308,16,7,11,1,0,1
543,0,0,0,0,57,192,5,4,391,984,2413,17,14,15,1,0,0
1939,1,1,0,1,55,199,4,10,320,520,1047,14,10,18,1,1,0
553,0,1,1,1,8,121,7,3,325,902,1204,11,4,8,1,1,1
832,0,1,2,1,39,103,4,3,125,1504,1799,5,2,11,1,0,1
1661,0,1,5,0,23,172,5,10,846,1634,2676,12,6,11,0,1,1
1657,1,0,3,0,42,198,5,16,1770,1796,2597,18,1,14,1,0,0
1135,1,1,0,0,46,83,1,4,293,1846,3029,19,17,9,1,1,1
1775,1,0,3,0,41,163,1,7,1633,1869,2343,19,13,14,1,1,1
783,0,1,0,1,43,106,3,4,1198,1471,2016,16,4,18,1,1,0
617,1,0,0,0,32,199,7,20,768,874,2213,18,13,7,0,0,0
867,0,1,0,1,4,135,6,1,70,1974,790,13,6,3,1,1,0
1310,1,1,13,0,7,194,5,14,117,513,3182,8,4,5,1,1,0
1804,0,0,9,1,22,153,7,19,1158,1244,3472,9,1,20,1,0,1
1900,1,0,1,1,18,89,7,9,1055,1661,2871,12,1,13,1,1,1
909,1,0,0,0,53,82,8,0,635,973,3187,12,9,4,1,0,0
1084,1,0,3,1,40,107,3,11,322,771,1945,15,4,10,1,1,0
1308,0,1,8,0,46,199,1,12,275,989,488,5,3,9,0,1,0
1778,0,0,0,0,15,102,3,0,1445,1954,1214,5,0,14,1,0,0
1701,1,1,3,0,10,194,8,7,550,1338,2598,12,9,6,0,1,0
772,1,1,1,1,10,80,4,2,1242,1712,3242,18,11,4,1,1,0
825,1,1,7,0,52,130,3,10,597,863,3534,10,4,6,0,1,0
1379,0,0,5,1,36,200,2,7,538,1376,3426,5,4,17,1,1,1
1166,0,0,3,1,25,198,5,4,59,1203,2488,13,5,15,1,0,0
1659,0,0,5,0,16,89,1,20,819,902,3255,19,14,9,0,0,1
826,1,1,0,1,58,88,4,1,179,786,2863,9,3,18,1,0,1
1564,0,0,4,1,25,189,6,17,1259,1965,1496,6,4,7,1,1,1
1957,0,1,11,0,31,181,3,16,396,1732,3801,12,0,7,1,0,1
1571,0,0,0,1,19,100,6,1,713,1398,666,12,10,13,1,1,0
1414,0,1,2,0,54,99,7,3,262,829,3799,17,7,7,1,0,1
1790,0,1,9,0,2,184,1,14,622,792,1366,7,0,20,1,1,1
645,0,0,1,0,41,197,7,10,327,580,2962,12,9,4,1,1,1
668,0,1,7,0,30,195,8,12,522,1056,2399,10,5,7,1,1,1
1652,1,1,1,0,36,89,4,5,313,1264,2338,12,8,20,0,0,0
1213,1,0,0,0,16,108,5,0,226,1248,2700,12,3,9,0,0,1
1272,1,1,0,0,22,133,6,8,605,669,2235,19,4,4,1,0,0
866,0,1,5,1,46,179,8,7,692,1686,3825,12,11,2,1,1,1
536,0,1,12,1,3,182,7,14,1386,1539,284,12,9,4,1,1,0
523,0,1,1,0,14,155,8,2,304,1042,1427,9,1,9,0,1,0
1753,0,1,0,1,31,134,1,18,1590,1926,1324,17,0,17,1,0,1
1218,0,1,1,1,14,147,3,4,229,616,398,17,0,5,1,0,0
1537,1,0,4,1,43,137,1,5,839,1131,3685,18,17,17,1,1,1
786,0,1,0,0,33,141,7,6,507,1697,2390,12,11,5,1,0,1
1678,0,0,3,1,64,134,3,11,436,536,278,19,0,10,1,1,0
1814,0,1,1,1,9,141,2,2,756,786,3556,18,12,16,1,0,0
1101,0,0,0,0,31,148,2,7,387,1269,2196,12,6,19,0,1,1
1461,0,1,3,1,40,141,7,4,1265,1298,3799,16,1,4,1,0,0
1216,0,0,4,0,47,199,3,7,1852,1967,2268,13,5,4,0,1,1
506,0,0,6,1,41,159,1,7,875,1025,2965,13,10,15,1,0,0
843,1,0,1,1,56,147,5,17,140,800,2341,10,1,20,1,1,1
742,0,1,4,0,56,190,7,14,577,1359,3557,16,11,12,0,1,1
1692,1,0,3,1,61,176,6,12,975,1996,1354,16,7,19,1,0,0
1485,0,0,2,1,32,84,2,9,510,1013,2147,19,1,11,1,1,0
1547,0,1,6,0,45,166,2,8,583,590,505,12,2,3,0,1,1
1692,0,1,4,1,46,139,1,6,674,1925,1394,16,10,6,1,1,0
637,0,0,3,1,60,97,4,4,1125,1989,374,18,4,8,1,0,1
1224,0,0,16,1,6,109,6,18,747,826,506,10,0,11,1,1,1
1356,0,0,0,0,29,198,6,0,1612,1983,3702,17,0,19,0,0,0
1840,0,1,12,0,34,142,1,16,311,1545,1078,8,0,10,0,0,0
1481,1,1,4,1,37,96,5,13,116,1533,2945,10,5,16,1,1,1
961,1,1,10,0,51,152,6,16,554,621,2981,15,6,7,1,1,1
1296,0,1,0,1,14,124,5,3,811,1272,490,7,1,4,1,1,1
1193,0,0,11,0,26,166,1,20,730,1729,536,17,14,4,1,0,1
1441,0,1,11,1,3,118,8,17,577,1071,2317,16,4,7,1,0,1
517,0,1,3,1,33,183,4,8,660,974,3704,17,16,11,1,0,1
748,1,0,0,1,27,150,8,4,450,1554,2126,18,9,7,1,0,0
1126,1,0,2,1,10,160,6,3,1223,1611,2050,7,6,12,1,1,1
1572,0,0,0,1,58,157,7,8,1109,1937,2462,12,8,10,1,0,0
1569,0,1,17,0,44,110,4,20,45,1942,1260,9,2,17,1,0,0
1270,1,1,2,1,32,101,7,6,299,845,3770,5,3,13,1,1,0
1854,0,0,2,1,8,101,5,5,506,627,1886,17,4,20,1,1,0
625,1,1,5,1,10,183,4,8,635,842,3323,9,1,7,1,1,1
1577,0,1,0,1,42,197,5,4,1045,1737,2060,19,6,12,1,0,0
534,0,1,0,1,16,189,5,1,393,1199,3926,16,12,20,1,0,0
946,0,1,8,1,25,143,6,15,650,1740,2177,7,5,13,1,1,1
685,0,0,2,0,29,93,7,10,433,648,728,14,8,4,0,0,1
1949,0,1,0,0,23,101,5,1,839,1136,2478,14,8,20,1,0,0
947,0,1,0,1,22,197,2,13,1176,1220,2842,16,12,2,1,0,0
801,1,1,2,0,63,165,7,4,650,879,1617,17,4,19,0,0,1
703,1,0,12,1,30,113,1,20,218,1065,1472,14,7,7,1,0,0
1165,1,0,11,0,41,178,6,12,564,831,764,19,12,15,1,0,0
1082,0,0,0,0,38,198,8,5,986,1191,2337,6,1,17,0,1,1
959,1,1,15,0,20,84,4,19,561,1631,3965,16,1,6,1,0,0
1502,1,0,0,0,54,138,5,12,65,588,3693,17,14,16,1,1,0
1380,1,1,1,1,4,92,3,13,420,500,797,13,2,15,1,1,0
1266,0,0,0,1,5,95,6,9,1365,1698,1687,11,0,18,1,0,0
1934,1,1,0,1,46,103,1,17,619,1299,2940,13,9,2,1,1,1
1905,1,0,3,1,6,151,1,5,849,898,1545,9,5,10,1,1,0
1831,0,1,2,0,43,150,5,5,611,1381,3834,17,7,13,1,1,1
596,0,0,8,0,46,165,1,18,953,984,2505,15,4,15,1,1,0
1562,1,1,1,1,7,190,5,15,642,1533,2243,12,10,6,1,0,0
1490,1,1,4,1,64,150,8,8,1417,1464,3600,17,9,7,1,1,1
1523,1,0,5,1,57,117,2,6,247,539,3971,18,12,10,1,1,1
640,0,0,0,0,20,163,4,15,710,1179,2844,7,5,18,1,1,0
1526,0,0,1,1,23,117,7,8,718,751,2227,18,10,3,1,1,0
1989,0,1,0,1,41,94,3,13,1100,1497,1665,17,9,12,1,1,1
1308,0,0,0,1,61,106,3,7,59,1215,3355,15,2,4,1,0,1
609,0,0,3,0,26,93,4,4,938,1948,1866,11,10,14,1,1,1
1905,0,1,9,1,36,119,3,20,825,1542,1287,13,4,16,1,0,0
1703,1,0,0,1,22,192,1,0,286,1235,1046,5,4,13,1,0,1
1445,1,1,7,1,20,173,7,15,1273,1345,1441,7,4,13,1,1,1
1087,0,0,0,1,16,166,3,9,295,589,690,14,6,6,1,0,1
671,0,1,10,0,30,105,7,17,852,1182,2504,6,4,15,1,0,0
1472,1,0,6,0,61,168,6,19,710,1052,2677,19,15,8,1,0,0
765,0,1,0,1,47,115,8,1,1277,1429,2243,11,7,4,1,0,1
1642,0,1,16,1,8,171,6,17,129,873,2984,13,4,17,1,0,1
1265,0,0,7,0,49,182,5,16,690,836,1362,5,0,12,0,0,1
664,1,1,1,1,51,110,7,4,701,1478,3629,19,15,6,1,1,1
1277,1,1,0,1,35,142,6,6,309,1460,3559,18,17,6,1,1,0
1395,0,1,0,0,23,111,3,1,213,705,2571,11,0,13,1,0,1
1539,1,0,0,0,41,159,8,0,1112,1666,2107,15,9,10,1,0,1
1049,1,0,9,0,63,135,5,17,199,1077,1022,11,3,13,0,0,0
1827,0,0,4,1,39,128,5,16,55,1020,2844,14,9,10,1,1,0
903,0,1,0,1,50,91,1,0,1230,1235,711,9,5,10,1,1,0
1987,1,0,3,1,53,181,3,7,1052,1516,3117,18,5,8,1,1,1
1154,0,1,0,1,49,181,8,2,541,1499,978,5,3,7,1,0,1
1336,0,0,5,1,17,194,5,9,55,583,1869,13,1,16,1,1,1
1886,0,0,0,1,24,112,3,1,809,1958,1179,16,7,20,1,0,1
1551,0,0,4,0,51,88,5,6,1738,1995,3844,11,8,4,0,1,0
850,1,1,6,1,29,133,5,19,404,642,593,19,17,10,1,0,1
660,0,0,5,1,40,111,2,10,262,1178,588,6,5,18,1,1,1
1225,1,1,8,0,13,116,4,12,759,1404,3836,12,11,11,0,0,0
1452,1,1,1,1,25,123,6,11,42,1040,2669,12,10,13,1,0,0
1686,1,1,3,0,38,166,4,4,397,1453,2958,14,11,2,0,0,0
1634,1,0,1,1,17,200,2,5,964,1677,3031,11,6,6,1,1,1
1708,1,1,18,1,49,109,1,19,233,517,3388,6,4,16,1,1,1
1151,1,1,0,0,31,128,8,1,1022,1560,2377,18,8,13,0,1,0
1578,0,1,2,1,37,138,4,19,411,1226,2458,19,16,3,1,0,1
1689,0,0,17,0,24,127,3,18,954,1200,2766,7,2,7,0,1,1
1488,0,0,1,0,39,112,5,6,1528,1647,3054,14,10,19,0,0,0
1313,1,1,4,0,9,105,1,6,416,1308,3791,11,10,6,0,1,1
1715,0,1,4,1,31,83,8,17,638,1615,625,17,6,13,1,0,0
1442,0,1,0,0,27,192,3,19,231,687,2227,6,5,20,1,1,0
528,0,0,12,1,6,142,2,15,574,637,3256,9,8,6,1,1,0
1523,1,0,6,1,11,129,1,8,148,1606,707,19,8,19,1,1,0
1133,0,0,3,0,42,199,5,12,730,1543,1457,18,12,20,1,0,1
1718,1,1,14,1,6,183,5,16,564,980,3755,7,1,8,1,1,1
1330,0,0,0,0,38,183,7,1,1290,1441,1733,9,0,11,1,0,1
1799,1,0,0,0,49,107,4,2,632,1383,720,12,2,11,1,1,1
633,1,0,0,1,49,139,8,1,529,1009,3560,11,1,16,1,1,1
724,0,1,0,0,44,187,7,0,1273,1754,2311,7,6,7,1,0,0
822,1,0,0,1,51,157,6,20,667,860,3846,10,1,3,1,0,0
1918,0,0,2,0,10,110,5,10,1170,1543,1717,7,1,16,1,1,1
1891,0,0,7,1,37,129,7,14,169,1108,3704,8,6,11,1,0,0
1373,1,1,2,0,50,127,7,12,105,673,3800,8,3,14,1,0,0
862,1,1,3,0,23,165,2,15,793,1758,278,16,3,11,0,0,1
1273,0,0,3,1,48,99,4,15,490,886,1767,18,15,11,1,1,0
957,1,0,4,0,7,107,5,10,1201,1485,1846,12,5,7,1,0,1
1617,1,1,3,1,30,105,2,4,246,1038,829,9,0,10,1,0,0
893,0,1,0,0,55,183,2,1,417,946,2986,7,1,6,0,1,1
1210,0,0,0,0,63,93,5,0,1177,1462,2394,17,9,7,0,0,0
708,1,1,0,1,63,195,8,7,78,654,2169,6,5,7,1,1,1
835,0,1,2,0,7,101,4,7,323,1604,1181,13,5,15,1,1,1
1450,1,1,9,0,19,131,1,17,707,1882,575,15,9,12,0,0,0
973,1,0,5,1,57,190,7,16,457,1816,2977,6,4,2,1,0,0
601,1,0,4,1,4,154,4,13,356,765,532,12,8,10,1,1,1
507,1,1,1,0,32,141,7,11,936,1398,1702,17,0,5,1,1,1
564,0,1,0,1,51,168,3,1,912,1980,1074,14,8,15,1,1,0
1559,1,1,6,1,6,162,6,17,179,1559,3352,9,1,3,1,1,1
754,0,1,7,1,59,178,7,10,1914,1928,1027,6,3,5,1,0,0
728,0,1,0,0,25,88,4,1,526,1529,2039,5,1,12,1,1,1
1431,1,0,0,1,56,191,1,1,156,952,461,7,3,8,1,0,0
767,0,0,4,0,28,175,4,10,344,1517,527,10,0,15,0,1,0
1722,0,0,8,0,18,177,2,16,865,1741,3271,14,0,15,1,0,1
1992,1,0,5,1,57,100,2,15,1552,1596,606,9,3,4,1,1,1
1876,0,0,10,1,40,86,6,14,546,1564,2513,10,8,16,1,1,0
1054,0,1,10,1,38,136,6,12,1097,1222,1675,18,4,14,1,1,1
1283,1,1,4,0,47,93,5,5,372,692,2698,9,6,17,1,1,0
1281,1,1,0,0,28,148,1,6,1285,1617,1129,12,1,6,0,1,0
1066,0,0,2,1,7,114,7,18,1242,1571,468,19,13,6,1,1,0
730,0,1,0,1,4,89,8,2,302,1247,1210,19,15,4,1,1,1
1053,1,1,7,1,45,103,1,12,594,1767,3086,17,6,5,1,1,1
1611,1,1,11,0,3,98,3,14,303,714,1595,8,4,9,1,0,1
793,0,1,5,1,30,133,2,15,1858,1935,2332,17,13,14,1,1,1
1220,0,0,3,0,62,125,4,8,403,1933,2589,19,11,15,1,1,1
1662,0,0,0,1,61,126,4,13,32,1509,3760,9,5,13,1,1,1
1281,1,1,3,1,8,144,4,19,590,954,1851,8,2,9,1,1,0
538,0,0,12,1,2,177,7,13,235,662,417,8,4,9,1,0,1
823,1,0,0,0,39,187,8,4,630,888,294,13,9,11,0,0,1
1733,1,0,3,1,36,119,6,20,357,527,3576,17,16,9,1,0,0
1429,0,1,0,1,40,100,3,14,246,820,3945,11,7,18,1,0,1
1839,1,0,9,1,54,200,7,11,475,1493,927,19,10,18,1,0,1
659,0,0,6,1,6,110,3,7,1054,1929,2044,15,5,2,1,0,1
1953,1,1,7,0,56,158,8,9,555,764,2334,11,5,4,1,0,0
1172,0,0,0,1,27,164,1,3,607,1092,1477,12,0,6,1,0,0
612,1,1,6,0,16,102,7,7,1360,1891,3161,8,4,3,0,0,0
1563,0,0,0,1,24,170,8,0,142,1699,3660,7,5,5,1,1,0
1191,0,1,16,1,26,84,1,20,681,683,1604,14,3,9,1,0,1
615,1,1,0,0,42,163,6,4,104,1664,2211,7,4,18,0,0,1
1893,1,1,8,0,63,134,2,11,637,763,3822,14,3,18,0,1,1
1563,0,1,10,0,16,151,7,13,410,572,3922,11,1,8,0,0,1
1995,1,0,6,0,9,139,6,18,1830,1963,1203,14,12,18,1,1,1
1517,0,0,6,1,48,143,5,14,802,1489,2822,15,5,11,1,1,1
832,0,1,1,1,34,108,5,5,311,1294,447,15,13,12,1,1,0
1162,0,0,0,1,56,114,7,1,56,997,1652,5,0,20,1,0,0
1595,1,0,7,0,12,121,8,19,344,655,3608,15,1,16,0,1,0
1329,1,0,1,0,52,181,6,2,1053,1458,1228,8,6,6,1,0,1
928,1,1,11,0,56,80,8,13,221,1243,666,19,10,5,0,1,0
1656,1,1,8,1,38,105,7,17,506,519,1499,12,8,19,1,0,1
1937,1,0,17,0,58,189,1,19,1728,1767,3321,5,4,14,1,1,0
977,1,1,2,0,57,181,6,7,63,566,1206,7,1,8,0,1,1
768,1,0,16,1,56,113,1,20,418,515,952,19,3,16,1,0,1
1464,1,1,11,0,12,117,2,14,854,1168,3927,5,3,15,0,1,1
1177,0,0,1,1,29,191,2,8,178,882,311,18,5,19,1,0,0
1348,0,0,18,0,52,98,3,20,1869,1942,955,18,11,7,1,1,1
1956,0,0,0,1,37,87,3,2,185,776,1109,13,1,19,1,1,0
1751,0,1,6,0,8,178,6,20,170,564,2969,8,6,17,0,0,1
1530,0,0,11,0,42,177,6,13,454,1975,725,11,10,19,0,0,1
1997,1,1,1,0,40,185,4,8,866,1212,1655,7,6,15,1,0,0
1414,1,1,5,0,44,180,2,6,44,1118,3490,16,12,13,0,1,0
1707,0,0,0,0,41,80,7,2,1331,1388,1774,12,0,10,0,0,0
894,0,1,1,1,50,199,3,14,1285,1462,3615,13,0,6,1,0,1
645,0,0,6,1,41,184,8,17,741,1130,714,18,2,13,1,1,0
1163,0,1,0,0,49,155,2,0,520,754,2768,19,2,12,0,0,1
1126,0,0,3,0,49,165,8,17,114,1726,3739,14,1,13,1,0,0
1648,0,0,6,1,64,170,4,9,1153,1876,610,8,1,6,1,1,0
1170,1,0,6,1,14,199,2,13,474,709,715,18,5,20,1,0,1
508,0,0,7,1,42,94,1,8,39,557,663,13,12,7,1,0,0
1097,0,1,6,0,64,161,3,8,419,1914,1725,14,5,9,1,0,1
728,0,1,0,1,5,101,2,20,584,775,834,16,0,5,1,1,0
1980,0,1,2,1,29,177,1,13,312,1910,3865,12,10,18,1,0,0
1504,0,1,1,0,64,182,1,2,19,1923,3059,6,5,10,0,1,0
1379,1,1,14,1,63,83,1,17,207,1370,651,9,6,7,1,1,0
1698,0,0,5,1,18,160,6,20,363,994,796,13,3,14,1,0,1
920,0,1,5,0,25,115,7,14,209,1078,785,10,7,5,0,1,1
1144,1,1,0,0,21,189,1,11,159,724,3252,16,0,8,0,0,0
1995,1,0,6,0,26,129,1,15,649,1104,1322,15,11,7,0,1,1
1430,0,1,1,0,27,183,1,16,1132,1182,2832,7,1,15,0,1,1
972,1,1,5,0,13,193,5,8,1392,1795,1615,11,6,13,0,1,0
662,0,0,5,0,20,138,1,10,1001,1224,2125,17,15,15,0,1,1
1867,0,0,0,1,9,191,6,3,712,1442,990,6,1,2,1,0,1
1730,0,1,0,1,20,143,4,10,418,1023,1595,14,0,12,1,1,0
1723,1,0,1,1,7,126,3,17,384,1361,1213,5,0,16,1,1,1
1882,1,1,8,0,47,140,2,13,119,652,2500,17,1,11,0,0,1
803,0,1,0,0,18,106,4,1,627,935,2801,18,15,12,0,1,0
580,1,1,0,0,47,91,3,1,1086,1345,3451,15,1,11,1,1,0
668,0,0,2,1,48,114,1,19,195,1292,1201,14,12,4,1,1,0
1391,0,0,2,1,36,182,1,6,14,1256,3139,14,7,14,1,1,0
1560,0,0,0,1,22,169,7,1,745,1364,1938,15,11,16,1,1,1
821,0,1,5,0,54,109,3,9,253,1786,3185,8,4,15,1,0,0
811,1,1,5,1,2,106,6,13,333,1429,2111,18,7,2,1,0,1
1989,1,1,8,0,17,193,8,15,629,682,2369,7,0,18,1,1,0
1034,1,1,6,0,37,120,7,20,707,1199,3625,17,1,12,0,1,1
618,0,0,2,0,6,86,1,4,1314,1688,1051,13,10,15,0,0,1
654,1,0,0,1,52,196,4,4,1715,1898,1036,17,4,13,1,0,0
576,1,0,2,1,10,184,5,7,513,1438,2938,6,0,5,1,1,1
667,1,0,6,1,3,185,6,13,13,1463,2855,5,0,19,1,0,1
869,1,0,7,1,57,118,1,15,1243,1584,2727,13,3,8,1,0,0
635,1,1,2,0,42,149,3,4,300,1059,2973,12,5,18,0,0,1
609,1,0,15,1,44,117,1,16,58,1253,2581,15,11,15,1,0,1
1557,0,1,16,0,2,123,5,20,1107,1442,2690,18,16,9,0,0,1
1604,1,0,2,0,33,191,8,5,134,939,916,13,10,12,0,1,1
1182,0,0,7,1,8,138,8,16,275,986,2563,19,17,19,1,0,0
848,1,1,10,1,19,148,7,18,176,1029,3359,10,0,14,1,0,0
1610,1,0,7,1,64,181,4,12,1236,1280,941,8,4,9,1,1,0
1828,1,1,0,0,17,199,1,1,336,898,2280,17,14,4,0,0,0
880,0,1,1,1,50,194,7,3,1116,1381,827,15,9,6,1,0,1
1394,1,1,10,1,62,175,5,13,1010,1565,473,11,1,20,1,1,0
1960,1,1,1,1,61,86,7,3,205,1299,3865,10,7,11,1,0,0
809,0,0,10,0,21,91,7,19,1453,1726,1274,18,7,3,0,0,0
899,0,1,13,1,57,172,2,18,788,1331,364,11,1,7,1,1,0
1976,1,1,4,0,32,171,2,7,1301,1922,3699,17,11,13,0,1,1
879,0,1,0,1,21,187,4,2,463,1038,2927,14,13,11,1,0,1
916,1,0,0,0,36,195,4,12,188,992,1470,13,0,14,0,1,0
763,0,1,8,1,2,92,8,14,1028,1186,1050,6,4,8,1,1,0
508,0,1,0,0,9,162,6,2,1419,1920,2616,18,8,10,1,1,1
825,0,1,0,0,34,99,8,17,1471,1866,2915,8,2,10,1,1,0
1864,0,0,8,1,46,178,1,12,168,981,2686,11,7,18,1,1,1
1725,0,1,8,1,52,185,6,12,1125,1195,1243,19,18,5,1,1,1
1108,1,0,10,0,52,183,2,12,130,1706,3264,16,1,13,0,1,1
1011,0,0,4,1,36,131,7,18,481,749,2261,7,6,16,1,1,1
1703,1,1,17,1,55,138,5,19,1411,1711,2993,5,1,20,1,1,1
1067,1,1,0,0,58,135,7,0,79,681,706,12,9,16,0,1,0
1334,1,0,5,1,42,115,5,14,1187,1974,2542,10,1,8,1,0,0
775,1,0,0,0,30,189,7,10,561,1510,2523,17,16,9,1,0,1
1899,1,0,0,0,26,151,2,0,96,814,336,13,11,4,1,0,1
930,1,1,1,1,14,97,6,10,77,1025,2457,11,7,17,1,1,0
1058,0,0,2,0,19,166,4,14,493,1247,418,9,7,16,0,0,1
1187,1,0,0,1,46,145,2,9,1173,1814,3917,13,11,8,1,0,1
1874,1,1,10,0,8,166,7,13,964,1233,1246,8,1,2,0,0,1
1482,0,0,2,0,48,142,7,10,634,642,2971,12,8,12,1,1,1
1809,1,0,3,1,59,174,3,4,639,721,2324,10,6,16,1,0,1
864,1,1,0,1,54,187,2,1,127,1670,3121,18,2,16,1,1,1
625,1,0,12,1,33,191,1,20,431,550,3801,10,6,2,1,0,0
1880,1,0,4,1,18,138,3,5,71,699,3333,17,15,7,1,0,0
1138,0,0,12,1,44,187,8,17,111,1138,3475,19,3,3,1,0,0
560,0,0,14,0,23,146,8,15,356,1903,2360,17,16,18,0,1,1
1117,0,0,1,0,12,144,7,8,798,817,2895,7,6,16,1,1,0
1712,0,0,1,0,63,137,7,12,747,1126,3652,16,1,19,1,0,0
1836,1,1,3,0,26,134,6,16,408,1139,3097,5,0,18,0,1,0
1036,1,0,0,0,39,119,7,3,373,926,2101,10,7,2,0,1,0
1860,1,0,15,0,23,162,4,16,1362,1506,3918,9,2,8,0,1,0
1375,1,0,3,1,9,145,7,19,475,726,3869,19,18,10,1,1,1
1945,0,1,0,1,57,195,4,1,743,1753,732,14,1,14,1,1,0
1896,0,1,8,1,7,141,2,13,447,794,3684,9,7,18,1,0,0
788,0,1,4,1,57,91,8,12,42,1161,3969,12,8,6,1,1,1
880,1,1,0,0,33,173,2,2,30,1350,1414,12,1,7,1,1,0
1323,1,1,10,1,28,131,4,12,162,619,1892,10,0,15,1,1,1
1868,0,1,0,1,42,169,1,4,347,660,3131,8,3,7,1,1,1
1266,0,1,0,1,7,184,3,12,346,1468,2532,10,5,4,1,1,1
1042,0,1,16,1,50,93,7,18,727,1705,3215,18,0,20,1,1,1
1479,0,0,8,0,19,156,3,10,180,1476,3323,13,12,6,1,0,1
1476,1,1,0,1,55,171,4,5,1641,1666,1529,13,8,3,1,0,1
1552,1,0,6,1,13,123,6,9,269,1026,2403,9,2,9,1,1,1
1454,1,1,1,0,34,83,4,3,250,1033,3419,7,5,5,1,1,0
1007,0,0,0,0,45,95,5,2,1186,1529,3648,9,0,16,0,0,0
652,1,1,9,1,17,173,5,11,77,559,1974,12,10,12,1,0,0
1504,0,0,12,1,34,142,8,15,507,973,2806,7,2,7,1,0,1
1726,1,1,2,0,51,193,4,3,379,1223,2239,13,9,13,1,0,1
1029,1,1,5,1,5,171,5,8,264,956,582,15,7,4,1,1,1
1582,0,0,2,1,44,112,6,13,1486,1797,3890,17,10,10,1,1,1
1478,1,1,12,0,48,99,5,17,694,882,1141,5,2,6,0,0,1
1178,1,0,0,0,49,101,5,0,579,596,2511,6,3,17,0,0,0
707,0,1,2,0,25,131,3,17,495,574,3838,9,2,7,1,0,1
755,1,0,5,1,51,186,4,12,315,990,2734,10,1,16,1,0,1
912,1,0,1,0,54,161,8,5,329,1053,2330,19,5,20,0,1,0
651,1,1,2,1,63,176,5,4,548,858,2244,14,9,19,1,1,0
1483,0,0,1,1,54,176,7,2,531,758,1851,15,13,2,1,1,0
914,1,0,2,0,4,100,2,12,191,1495,808,11,7,5,1,1,0
1456,1,1,7,0,7,105,5,12,823,1104,1587,6,5,20,1,0,1
1178,0,1,6,0,57,84,3,17,96,1352,2492,16,14,10,1,1,0
1503,1,0,10,1,43,166,4,14,841,1304,2122,15,1,2,1,0,0
1681,1,0,2,0,11,158,2,13,195,1205,1122,12,6,16,0,1,1
715,0,1,4,0,48,160,4,6,21,562,3709,14,2,10,0,0,0
1876,0,1,3,1,56,182,3,4,235,585,3021,12,2,18,1,0,0
1190,1,1,9,0,47,186,6,10,1417,1441,624,9,3,19,1,1,1
1755,1,0,0,1,24,134,7,2,286,1075,3937,8,1,7,1,0,1
1197,0,0,3,1,20,149,6,7,649,1629,1797,19,5,4,1,1,1
1048,1,0,10,1,28,194,2,19,966,1975,1458,5,1,15,1,0,1
1887,1,1,6,1,17,126,8,7,1172,1798,3348,18,16,16,1,1,0
1772,1,1,3,0,64,116,8,15,270,545,1834,5,2,20,0,1,1
1421,0,0,0,1,57,165,1,2,781,1657,2775,13,8,14,1,0,1
1464,0,1,0,1,17,153,6,8,418,1341,1277,13,6,19,1,0,0
728,0,1,4,0,23,111,4,5,126,817,457,17,10,16,1,1,1
954,1,0,0,0,50,134,2,11,228,1058,438,17,0,2,1,0,0
685,0,1,8,1,13,82,7,15,1091,1203,3210,15,7,2,1,1,1
1472,0,1,1,0,36,130,6,10,1452,1744,985,12,11,7,1,1,0
853,1,0,10,1,3,200,2,16,674,740,3701,15,8,8,1,1,0
1469,0,0,0,0,8,123,7,0,398,1133,1052,8,1,3,0,1,0
1310,1,1,6,0,57,135,8,9,449,889,1175,16,0,8,0,0,0
1654,0,0,1,0,11,146,7,2,1184,1719,1070,8,1,14,1,1,1
902,1,0,3,0,3,134,7,9,675,1285,3411,12,11,15,0,0,1
1448,0,1,13,0,26,156,3,16,1792,1850,1175,12,9,6,0,1,0
1631,0,1,2,1,3,198,7,12,177,1905,301,13,5,13,1,0,0
1608,0,1,7,0,28,183,2,13,1013,1158,489,15,11,8,0,0,1
1991,1,0,5,1,64,145,2,13,1058,1325,1733,5,3,8,1,1,0
1349,0,1,15,0,62,114,5,16,592,772,2756,11,3,4,1,0,0
1589,0,0,5,1,51,195,1,18,810,1743,2612,8,2,16,1,0,0
1844,1,1,1,0,51,158,8,3,533,882,1724,5,1,14,0,1,1
712,1,1,3,1,35,84,2,10,558,1208,2190,16,12,4,1,1,1
972,1,0,0,1,54,107,3,4,681,1050,1900,16,8,19,1,0,1
1406,0,1,2,1,34,98,3,5,1017,1366,3915,9,8,2,1,0,1
1289,0,0,10,1,25,178,6,12,765,899,1043,6,2,11,1,1,0
932,0,0,1,0,64,154,7,2,1176,1224,3817,8,7,9,1,1,1
1747,1,0,6,1,48,94,3,19,947,1131,2362,17,2,19,1,1,0
1172,1,1,4,0,41,95,3,7,1314,1884,1107,7,3,5,0,0,0
1128,1,0,12,0,53,84,5,14,609,1370,2982,14,9,12,1,1,0
664,0,1,0,0,28,106,5,5,754,1497,2042,17,15,19,1,1,0
513,1,0,6,1,44,186,4,12,619,867,1343,5,1,9,1,1,0
1742,0,1,9,1,43,170,7,12,453,681,2610,12,3,10,1,0,1
1512,1,0,12,0,6,162,7,17,205,884,2335,15,7,7,1,1,1
1986,0,1,3,1,51,165,8,20,282,1358,1614,17,12,3,1,1,1
965,1,1,5,0,13,109,2,14,130,998,1138,9,8,10,0,1,0
1067,1,1,3,1,40,122,8,15,494,1989,604,16,14,11,1,0,0
1583,1,0,5,1,42,118,3,10,275,862,3652,14,10,9,1,0,0
1653,0,1,2,1,37,176,4,6,447,1785,3955,19,4,18,1,1,1
1433,0,0,7,0,4,133,8,11,281,799,258,11,9,4,1,1,1
765,0,0,0,1,18,153,7,0,6,793,1066,11,1,16,1,1,0
1845,1,1,10,0,61,96,1,12,292,695,1731,9,5,6,0,0,0
752,0,1,1,0,48,87,7,13,164,728,3860,7,5,16,0,0,0
1948,0,1,8,0,16,100,5,10,631,1940,3630,9,7,17,0,1,0
1077,0,1,0,1,45,174,3,4,897,1304,1965,6,2,6,1,1,0
932,1,0,1,1,60,104,4,2,268,1078,1459,6,1,19,1,1,0
1968,0,0,0,0,22,115,3,7,861,1259,2323,9,8,7,0,0,1
1122,0,0,9,0,2,120,4,14,331,790,3291,11,2,13,1,1,1
1588,0,0,0,1,61,159,1,13,1064,1594,3272,18,0,17,1,1,0
601,0,0,4,0,26,101,4,18,509,548,918,9,1,12,0,0,0
1615,0,0,14,0,15,132,4,16,622,1256,3488,16,2,3,0,0,1
1589,1,1,2,0,58,128,4,4,957,1911,3961,16,14,14,1,0,1
1417,1,0,2,1,56,114,6,4,494,1649,590,11,3,6,1,0,1
1697,1,0,1,1,34,95,1,3,236,1264,3701,15,9,8,1,1,0
1330,1,1,14,0,3,83,5,17,980,1262,463,14,6,11,0,0,1
1476,0,0,0,1,43,148,2,2,1789,1972,3644,15,10,6,1,0,1
1579,1,0,0,0,27,142,6,18,831,1484,1713,16,4,10,1,1,1
1277,0,0,0,1,41,200,4,3,902,1090,429,9,4,14,1,1,1
1089,1,1,12,1,2,145,5,15,636,1259,2765,13,12,10,1,0,1
1663,1,1,13,1,27,169,4,14,831,1439,2084,7,1,18,1,0,0
1949,0,0,0,0,20,186,5,4,518,592,1125,17,10,9,0,0,0
1138,0,0,5,1,48,109,3,14,233,1777,2048,6,0,18,1,1,1
685,0,0,7,0,17,174,6,20,725,870,1223,8,0,18,1,0,1
1889,0,0,5,1,31,132,1,10,170,1106,3672,5,1,3,1,1,1
857,1,1,3,0,17,195,7,9,157,948,3100,17,5,13,1,1,0
1902,0,1,6,0,50,124,8,9,1142,1393,343,11,8,18,0,1,0
1225,1,0,0,0,15,155,5,0,840,982,1970,16,8,15,1,1,0
1066,0,0,5,0,39,131,5,17,401,1586,2728,6,0,17,1,1,1
1554,1,1,11,0,5,124,3,12,395,1579,3635,7,4,18,0,0,0
1337,0,0,13,0,31,186,2,20,48,644,2180,7,4,16,1,0,1
1926,1,1,1,1,33,172,3,2,982,1157,2488,6,1,14,1,0,0
869,0,1,3,0,34,104,2,4,478,539,3864,13,3,11,1,0,0
1278,1,1,1,0,54,104,8,16,581,750,1155,7,1,20,0,0,1
1773,1,0,16,1,32,170,6,18,1215,1472,3566,17,6,13,1,0,1
1661,1,1,1,1,6,109,7,2,594,1337,864,9,8,2,1,0,1
1438,0,0,0,1,32,176,7,6,683,1663,869,19,13,9,1,1,1
1661,1,0,0,0,29,119,2,0,536,861,591,9,2,9,1,1,1
1846,1,0,1,0,19,159,1,2,83,773,1333,15,6,11,0,1,1
1260,1,1,2,1,23,123,7,10,905,1313,2208,12,11,10,1,0,1
512,1,1,7,0,15,83,3,15,249,1849,2610,18,14,15,0,1,1
581,0,0,0,0,59,185,5,6,803,1613,2819,19,17,9,0,0,1
1872,1,0,6,0,44,134,3,15,459,1259,1955,9,4,15,1,0,1
687,1,0,9,1,50,151,4,20,584,1151,3416,14,6,8,1,1,0
1062,1,1,6,0,10,160,1,13,1596,1807,3803,7,3,16,0,0,1
1678,1,1,11,0,7,192,1,14,418,1763,574,5,3,19,1,0,0
1417,1,0,10,1,45,166,4,19,364,1029,2129,13,9,12,1,0,1
1074,0,1,2,1,9,103,6,14,946,952,1948,13,1,18,1,1,1
1832,0,0,2,0,2,90,7,6,186,654,2978,18,7,18,0,0,0
1039,0,0,0,1,12,200,8,0,1428,1827,1619,7,1,10,1,1,1
1059,0,0,8,0,61,134,3,18,1613,1916,3716,15,13,11,1,1,0
1606,0,0,3,0,57,154,4,4,1127,1924,3454,13,8,20,0,0,1
1928,1,0,9,1,19,187,3,20,691,1580,3777,7,2,13,1,1,1
1875,1,1,11,1,55,91,1,17,1802,1942,2712,7,2,6,1,0,1
1128,1,0,9,1,46,135,8,10,751,1582,1434,5,0,11,1,0,0
1748,0,1,6,1,14,146,3,7,859,1234,3968,16,12,3,1,0,1
1413,0,1,5,0,51,117,5,11,187,517,3383,16,5,2,0,0,0
825,0,1,0,1,23,86,2,0,206,1917,3278,8,6,2,1,0,1
1589,1,0,3,1,26,100,8,16,1673,1759,3970,16,8,18,1,0,1
535,1,1,8,1,54,145,8,15,710,939,2674,14,8,10,1,0,0
1780,1,0,6,0,27,190,4,11,1331,1463,2776,19,17,14,1,1,1
1671,0,1,7,1,61,129,2,11,263,848,2336,10,4,7,1,0,0
1821,0,0,9,1,12,114,1,18,97,1803,2430,7,4,6,1,1,1
1076,1,0,3,1,38,119,6,8,129,915,891,18,3,9,1,1,0
532,1,1,3,0,8,193,5,10,1213,1354,728,13,5,8,1,1,0
777,1,0,3,0,30,148,5,17,189,1143,3886,14,10,7,1,0,0
1217,1,0,3,0,17,182,4,13,628,632,1711,7,3,9,1,0,1
1656,1,1,0,0,16,117,7,2,320,899,2856,14,3,20,1,1,1
1185,0,0,0,0,31,152,8,7,837,1642,2447,16,2,3,1,1,1
577,0,0,8,1,37,161,6,20,1087,1450,814,11,7,19,1,1,1
737,1,1,7,0,49,193,4,16,781,1463,2951,7,0,10,0,1,0
704,0,1,4,0,53,186,6,6,251,1013,3653,7,1,15,1,1,1
525,1,1,5,0,51,137,8,11,262,1587,1891,18,3,12,0,1,0
504,1,1,5,0,16,166,1,9,767,1665,701,17,15,15,1,0,1
793,0,1,1,1,38,176,4,7,1226,1815,3139,6,1,12,1,1,1
569,0,1,2,0,39,184,8,9,389,739,2811,7,6,7,1,0,1
1590,0,1,3,1,21,160,5,18,920,963,1701,11,4,4,1,0,1
707,0,0,0,1,16,194,2,0,1027,1508,1853,17,14,12,1,1,1
767,0,0,16,1,19,185,6,17,271,1000,2445,6,1,6,1,1,1
1350,1,1,0,1,50,181,8,4,369,544,2287,15,1,8,1,1,0
1117,1,1,0,0,31,146,2,7,1258,1627,2003,8,7,14,0,1,1
641,1,0,0,1,7,192,1,3,417,759,3595,7,5,19,1,1,1
1002,0,1,0,1,35,83,2,4,1345,1416,1726,16,5,19,1,0,1
1408,1,1,10,0,45,89,5,14,613,1088,3952,8,6,3,0,0,1
1900,1,1,1,0,41,190,8,6,912,1596,850,5,1,4,1,1,1
726,0,0,0,0,43,101,8,0,666,760,1446,17,2,8,1,1,0
1544,0,0,12,1,45,113,8,20,236,857,1300,8,7,18,1,1,0
1454,1,0,6,1,21,160,4,10,186,1100,719,14,10,10,1,1,1
1230,1,1,6,0,26,123,5,7,416,676,988,11,5,9,0,1,1
1552,0,0,10,1,53,180,8,18,430,658,2606,13,6,12,1,0,0
1519,0,0,0,0,32,200,1,10,168,1239,2912,11,10,15,1,1,0
723,1,0,4,0,30,102,1,7,1467,1901,2339,19,9,17,0,1,1
1191,0,1,2,0,13,169,1,7,179,1813,1028,14,6,8,1,1,1
1168,0,0,9,0,61,90,8,10,159,1578,3173,9,4,17,0,0,1
1229,0,1,15,0,14,191,2,16,120,1878,1667,17,6,17,0,0,1
1758,1,0,11,1,13,190,8,14,762,1864,1897,6,2,15,1,0,0
1290,0,0,0,0,3,143,6,4,600,1109,1214,9,8,15,0,1,1
574,0,1,16,0,38,90,6,17,286,1171,3269,8,7,10,0,1,0
1271,1,0,12,0,32,113,7,15,1350,1949,445,15,14,14,0,0,1
1170,1,0,4,0,30,83,8,15,27,1722,1073,6,4,8,1,1,0
1269,1,0,14,0,52,118,2,15,1597,1920,665,18,5,5,0,0,0
1288,0,1,15,0,50,121,2,20,1177,1809,3129,17,6,2,0,0,0
1366,1,1,0,1,34,150,2,9,402,964,3501,13,11,3,1,0,0
1572,1,1,7,1,8,169,5,8,577,1237,3461,6,3,10,1,1,1
1627,0,1,9,1,32,180,6,16,52,1082,3206,12,6,16,1,1,0
1701,1,0,13,1,46,115,2,15,364,828,3717,11,0,10,1,1,0
1900,1,1,0,1,55,171,1,1,934,1241,3917,15,5,18,1,0,1
1974,0,0,4,0,24,80,7,13,250,545,861,7,4,6,1,0,1
1197,1,1,9,0,20,129,5,10,214,1710,2885,19,7,14,1,1,1
587,1,1,4,0,6,170,1,16,612,1793,2777,9,2,14,1,1,0
934,0,0,7,0,24,112,5,12,1111,1463,1017,12,7,9,0,0,1
1195,0,1,1,1,23,82,4,9,163,1100,980,13,9,17,1,0,0
1853,1,0,2,0,23,92,1,15,202,1951,2775,14,4,17,1,0,0
1164,0,0,4,1,19,95,8,18,729,1704,3309,15,3,3,1,0,1
1512,1,0,8,1,18,88,3,17,1079,1897,3607,12,10,6,1,1,1
1232,0,1,1,1,24,169,5,17,361,809,1257,16,10,16,1,0,0
1813,1,1,0,1,5,198,3,8,338,1306,759,9,3,14,1,1,0
946,1,1,17,0,5,166,3,20,1698,1771,3720,15,7,4,0,1,0
739,1,1,2,1,58,88,3,4,1052,1536,475,7,6,6,1,0,1
704,1,0,8,1,29,80,1,10,1108,1509,1122,9,3,10,1,1,1
1663,1,0,0,0,40,147,4,15,951,1545,1336,8,5,15,1,0,0
1966,1,1,2,0,40,185,8,18,1197,1987,1185,11,2,20,0,1,0
1219,0,1,0,0,17,196,5,4,473,1022,705,11,3,6,0,1,1
612,1,0,6,0,35,181,5,12,1294,1337,3169,14,9,6,0,0,0
1658,1,0,0,1,39,182,1,5,410,522,3483,10,1,15,1,0,1
1263,0,0,12,0,64,175,5,18,178,1883,1183,14,3,17,0,0,1
1395,1,0,0,1,55,118,3,1,782,1787,3373,11,2,16,1,1,0
621,1,1,0,0,54,151,4,20,434,910,2801,6,1,5,1,1,1
652,0,1,1,0,58,142,3,2,464,781,565,18,12,9,0,0,1
1175,0,0,10,0,25,145,2,12,137,1501,3153,9,4,12,1,0,0
561,1,0,0,0,11,163,8,10,492,1176,3421,16,2,5,1,1,1
1137,0,0,6,1,3,173,5,7,1250,1285,316,15,14,17,1,0,0
1835,1,0,4,1,11,193,7,13,385,583,448,18,17,14,1,0,0
1170,0,1,2,0,40,169,6,5,427,684,2366,16,8,2,1,1,1
1595,1,1,0,1,44,85,4,20,1024,1838,3881,14,10,9,1,0,1
1719,1,0,0,0,12,122,8,7,240,904,462,6,3,5,0,0,0
1770,0,1,0,0,7,128,7,6,886,1552,1480,6,1,17,1,0,0
1312,0,1,0,1,28,163,2,0,1233,1854,1087,17,16,14,1,0,0
1878,0,1,5,1,56,139,5,13,183,559,2711,8,2,3,1,1,1
1871,1,0,7,1,20,81,7,14,88,1682,2144,13,12,12,1,1,1
922,0,1,1,1,35,188,7,15,1016,1383,1165,19,6,4,1,1,1
1975,1,0,6,1,16,128,8,11,80,655,2998,5,4,13,1,1,0
1212,0,0,1,1,46,102,4,8,611,1715,2249,14,3,4,1,1,1
1430,1,0,3,0,56,179,3,5,569,906,752,17,8,17,0,0,1
1958,1,1,0,0,4,190,2,3,304,637,1409,16,5,3,0,0,0
1836,1,1,0,1,30,184,7,15,276,1230,3072,7,3,5,1,1,0
557,1,0,0,0,24,125,3,0,1131,1315,1305,12,8,3,1,0,1
539,1,1,9,0,21,145,7,14,551,599,3597,14,5,9,0,0,0
880,0,1,1,0,44,172,8,15,436,1302,3132,8,7,6,0,1,1
1369,1,1,6,0,34,162,1,7,553,727,3856,18,4,18,0,1,1
1109,1,1,1,0,39,98,1,9,1391,1787,1524,15,10,7,1,1,1
843,0,1,0,0,16,166,5,6,981,1096,3673,12,1,20,1,0,1
598,0,1,7,0,21,196,2,10,680,1173,3293,8,4,7,1,0,1
972,1,1,1,0,5,126,4,2,687,816,3035,12,7,19,1,0,1
1944,1,0,5,1,36,197,6,18,1060,1970,584,17,14,13,1,1,0
1225,0,1,0,1,2,138,7,1,217,1101,2675,12,11,15,1,1,0
644,1,1,7,1,30,114,1,16,1140,1654,2382,9,0,19,1,0,1
1919,0,0,5,1,48,150,4,6,304,1191,1391,19,13,12,1,0,1
501,0,0,12,1,54,131,4,19,504,1089,2346,13,12,2,1,0,1
1620,1,1,0,1,30,185,3,3,832,1033,606,6,0,18,1,0,0
1227,1,1,0,0,34,130,3,3,935,1781,1324,7,3,12,0,1,1
1359,1,1,1,1,58,107,6,3,446,901,1076,16,8,4,1,1,1
1914,0,0,1,0,35,118,8,2,942,1701,643,17,1,8,1,0,1
1645,1,0,1,0,21,123,7,2,897,1308,783,10,8,20,1,0,0
1063,1,0,0,1,26,101,5,2,1208,1232,3809,17,16,5,1,0,1
946,0,0,0,1,19,154,8,0,159,630,2104,7,4,16,1,1,0
1231,0,1,5,0,54,185,3,10,632,1184,1762,5,3,6,1,1,0
1397,0,1,13,0,9,87,6,18,1308,1991,3137,12,1,11,1,1,1
701,1,0,7,0,15,160,3,11,1002,1256,1756,6,3,17,1,1,1
570,1,1,2,0,9,111,7,5,1331,1917,3663,14,10,14,0,0,0
1993,1,0,10,1,27,147,8,11,150,510,2437,14,0,9,1,0,0
955,0,1,4,0,43,143,5,8,1248,1511,1432,12,9,9,1,1,1
924,0,1,0,1,47,167,8,6,108,1813,1620,17,15,12,1,0,0
600,0,0,0,0,14,112,5,2,320,747,1655,18,0,9,0,0,0
518,0,1,0,0,3,178,7,1,437,1947,2832,5,0,8,1,0,1
1063,1,0,0,1,31,95,6,10,295,935,961,16,6,5,1,1,0
920,1,0,2,0,46,149,3,3,1058,1421,2608,6,0,2,0,0,1
1715,0,0,4,1,3,171,5,6,79,1652,514,7,4,13,1,0,0
1841,1,1,6,0,14,167,8,8,593,672,2304,7,1,18,0,0,1
543,1,1,4,1,60,132,5,7,693,1031,933,14,0,5,1,1,0
1762,1,1,13,1,25,189,1,14,300,527,1896,14,10,20,1,1,1
1112,1,1,1,0,53,121,4,16,234,739,3655,7,3,20,1,1,0
709,1,1,0,0,35,136,1,0,1545,1596,1973,12,9,16,0,1,1
1315,1,0,7,0,64,128,7,16,59,575,3278,6,3,13,0,0,0
1762,1,0,10,1,15,107,8,11,1103,1364,2183,8,3,11,1,1,0
1462,1,1,1,0,25,182,7,18,91,1478,824,15,5,13,1,0,1
571,0,1,8,0,35,186,7,20,177,1282,2598,13,5,8,1,1,0
666,1,1,7,1,54,81,3,13,58,1353,1254,15,9,9,1,1,1
1994,0,1,2,1,7,146,8,7,447,1435,3622,7,0,20,1,0,1
1583,1,1,11,0,14,148,7,16,942,1651,1704,17,13,2,1,0,1
1778,0,1,3,1,45,132,4,17,88,516,1624,15,13,9,1,1,0
1926,1,0,13,1,50,179,6,17,371,1000,3809,17,12,17,1,1,0
966,1,0,9,1,50,117,4,10,1446,1754,2574,10,1,5,1,0,1
568,0,0,1,0,36,179,3,4,181,1703,950,17,9,9,1,0,0
1897,0,0,1,1,21,192,8,2,1311,1935,273,17,6,3,1,1,1
1695,0,1,6,1,46,200,3,9,1791,1898,446,16,13,15,1,1,1
1623,1,0,6,1,61,120,7,12,1568,1832,1510,12,10,17,1,1,0
914,1,0,0,1,26,147,4,0,706,721,1122,12,9,2,1,1,1
1721,1,1,4,1,33,128,4,5,871,1048,707,19,2,5,1,1,1
890,1,1,4,0,44,198,8,13,1074,1873,751,7,3,3,0,0,0
600,0,0,1,0,48,191,3,7,501,1465,3393,12,7,8,1,0,0
1677,0,1,4,0,11,124,6,8,271,1477,3771,15,6,12,1,0,0
723,0,0,0,1,3,168,4,3,920,1748,1851,15,3,16,1,0,0
638,0,1,11,0,27,102,4,17,1171,1383,2735,7,2,9,1,1,0
852,0,1,4,1,62,104,7,13,293,1159,2253,17,4,7,1,1,0
1979,1,1,0,0,32,165,7,1,833,1630,452,13,6,14,0,1,0
710,1,0,6,0,32,151,5,9,485,857,1419,12,11,18,0,1,0
1034,0,1,2,1,45,190,3,4,182,1293,969,15,1,7,1,0,0
600,0,1,8,1,22,145,1,11,207,1162,3441,19,1,5,1,0,0
1027,0,0,2,1,64,103,2,7,1698,1747,3786,17,12,12,1,0,0
1260,0,0,5,1,13,106,6,6,165,736,2710,13,1,8,1,1,0
1793,0,1,10,0,12,169,6,17,1086,1418,3533,16,14,15,1,1,1
675,0,0,10,0,60,144,5,15,192,757,1735,7,0,13,1,0,1
658,1,0,0,1,12,103,7,3,1156,1750,3587,14,11,20,1,0,0
1694,1,0,0,1,34,102,7,7,377,549,2298,17,5,2,1,1,0
804,1,1,12,1,41,89,1,13,709,818,2027,11,5,11,1,0,0
1713,0,1,1,0,27,127,7,3,729,974,2406,13,10,20,1,0,1
706,0,0,13,1,31,108,3,19,543,938,2419,8,7,4,1,0,1
1362,0,0,3,0,25,131,7,9,553,1505,995,7,6,18,0,1,1
1527,0,0,10,1,60,154,5,14,526,1116,2078,5,3,11,1,1,1
768,0,1,0,0,19,159,2,1,637,991,1145,19,1,7,0,0,1
1314,0,1,8,1,41,155,4,12,113,577,626,10,4,4,1,1,1
705,1,0,5,1,57,155,6,9,1114,1374,1509,15,11,18,1,1,1
1403,0,0,2,1,26,164,5,3,461,1251,3371,13,9,9,1,0,1
1486,0,0,7,0,52,85,4,15,1430,1747,297,13,1,15,0,1,0
781,0,0,2,0,38,198,5,7,304,1674,3508,13,8,5,0,0,1
986,1,0,1,1,23,183,8,3,471,800,2385,16,9,19,1,0,0
1310,0,0,0,0,33,105,1,14,806,1016,1301,13,12,19,0,0,1
560,1,1,6,1,57,81,3,12,80,1327,2167,11,10,7,1,0,1
1348,0,0,0,0,43,116,5,6,204,501,3914,10,3,8,1,0,1
1567,0,1,3,0,22,119,6,6,545,1621,2312,9,1,18,1,0,0
1940,1,1,4,0,17,93,5,7,112,858,2297,14,6,8,0,1,0
1979,1,1,0,1,19,176,3,9,1331,1532,411,8,2,2,1,1,1
561,1,1,7,1,2,193,3,13,1055,1294,665,10,0,4,1,1,0
1717,1,0,1,0,62,130,1,3,609,810,3226,6,4,5,0,1,0
535,0,0,1,1,48,113,1,4,290,811,740,11,10,18,1,1,0
1413,0,1,4,1,39,185,5,12,1039,1318,3878,19,16,4,1,0,0
1358,0,1,0,0,20,135,7,0,1485,1655,3406,5,1,11,0,0,1
1519,0,0,2,0,30,112,7,8,1122,1702,2440,9,5,10,1,1,1
1254,0,1,2,0,50,108,5,6,462,1013,3959,10,4,17,1,1,0
1591,1,0,3,1,49,154,6,7,1384,1883,3703,17,6,20,1,1,0
977,1,1,2,0,35,165,2,15,1502,1862,3714,19,3,10,0,1,1
1640,1,0,10,1,21,169,7,14,589,1301,337,16,3,5,1,1,0
663,0,1,0,0,25,183,2,1,82,1605,3176,6,2,2,1,0,1
1744,1,0,1,1,20,112,8,3,68,718,1205,18,7,14,1,0,0
1624,0,1,8,0,28,150,2,10,689,699,2473,16,11,2,1,0,0
1108,1,1,14,1,2,169,7,20,208,1742,1229,5,3,4,1,1,0
1188,1,1,0,1,9,114,2,0,1339,1558,2896,12,11,16,1,0,1
817,0,0,0,0,11,144,3,11,722,766,2039,11,6,19,0,1,0
863,0,1,5,1,6,133,4,13,717,1799,520,10,2,18,1,0,1
1397,0,1,5,1,3,121,3,15,433,1658,1378,18,15,4,1,1,1
1108,0,0,3,0,49,140,5,12,1298,1666,3254,12,0,16,1,0,0
1068,0,1,1,1,37,184,7,13,186,1998,1803,5,4,7,1,0,0
1702,1,0,12,1,52,145,2,15,1397,1491,2501,16,12,4,1,0,0
808,0,1,0,0,8,192,4,1,618,1891,3762,15,9,12,1,0,1
1156,0,0,6,0,61,89,7,9,1214,1262,1796,16,6,13,0,1,1
1271,0,1,2,0,54,159,8,3,613,650,990,14,11,6,0,1,1
696,0,0,6,0,51,197,3,8,649,907,2630,18,8,9,0,0,1
1981,1,1,13,0,45,175,6,18,193,1234,1380,10,1,13,0,1,0
614,0,1,0,1,58,128,7,2,22,519,3487,15,6,11,1,1,1
1590,0,1,0,0,7,122,3,17,1464,1595,1201,12,3,18,1,1,1
1945,0,0,4,0,21,113,3,10,280,895,3015,6,1,15,0,0,0
1135,1,1,9,0,43,158,1,11,690,1589,3204,18,13,6,1,0,0
1049,0,1,8,1,2,172,6,10,39,1564,433,10,7,6,1,0,0
1807,1,0,2,0,49,125,1,10,337,1384,1906,17,13,13,0,1,1
984,1,0,13,1,42,98,7,17,1036,1611,898,16,8,13,1,1,0
720,1,1,0,1,61,96,7,8,1347,1733,2799,5,3,15,1,0,1
1536,0,0,12,0,13,105,7,20,22,1634,2020,6,0,16,1,1,0
771,1,0,3,0,25,86,4,6,327,922,770,12,1,20,0,1,0
503,0,0,3,0,57,185,6,11,778,1291,305,11,8,16,0,0,1
675,0,0,1,0,42,187,7,2,482,874,2953,9,5,13,1,1,0
1936,1,1,13,1,34,182,7,14,591,1089,1671,6,1,9,1,0,1
1303,0,1,0,1,15,138,3,10,229,1604,2574,12,4,14,1,1,1
1004,1,1,0,0,35,141,6,9,901,1162,3772,17,8,18,0,1,1
1972,0,1,0,0,37,102,2,1,715,1648,2870,16,0,17,0,0,0
1822,0,0,0,0,8,195,6,0,172,910,2577,9,5,8,1,1,0
1159,1,0,5,1,18,83,1,7,681,723,2246,8,1,3,1,1,0
1782,1,1,6,1,58,157,1,13,867,999,2405,15,0,16,1,0,1
894,0,1,16,0,16,168,8,20,286,1300,3377,5,1,6,1,1,1
1884,0,1,7,1,43,185,1,18,451,819,3619,14,8,7,1,1,1
1648,1,0,1,1,17,142,2,3,1119,1238,1184,6,2,2,1,0,1
798,0,0,5,0,4,96,3,9,526,643,2965,15,7,14,1,1,0
802,1,1,1,0,45,157,3,9,1299,1633,3713,8,3,8,0,0,0
1276,1,1,2,0,53,130,2,3,217,735,3798,19,10,8,1,1,1
1331,1,0,0,0,16,165,2,7,1109,1226,1026,13,5,20,1,0,1
1620,0,1,6,0,5,186,6,18,434,1339,1086,18,14,13,1,0,0
1996,0,0,5,1,51,122,4,9,671,1445,2236,8,7,12,1,0,1
1092,0,1,8,0,45,185,1,10,1404,1424,1303,12,3,20,0,1,1
1018,1,1,7,0,63,155,5,18,856,883,3048,10,3,2,0,0,1
545,0,0,0,1,11,131,3,1,381,1452,616,15,6,19,1,1,1
554,1,0,0,0,12,105,6,10,85,806,3764,10,7,4,0,1,1
1264,0,1,2,1,34,171,3,3,562,849,419,7,4,3,1,1,1
1030,0,1,3,1,58,138,6,20,1111,1812,2858,6,2,18,1,1,1
1432,1,1,6,1,39,164,4,18,209,947,504,14,4,10,1,1,0
558,1,0,1,1,49,142,5,4,997,1605,392,10,5,8,1,1,1
829,0,0,0,0,56,129,7,1,91,1916,820,12,6,11,1,0,1
1741,1,0,0,0,14,143,8,0,730,1895,3387,11,3,3,1,0,0
1849,1,0,7,1,15,144,5,19,606,1123,3447,14,11,19,1,0,1
733,0,0,5,1,7,174,7,10,445,1409,1403,15,8,2,1,1,0
1872,1,1,0,0,16,80,2,2,286,1484,2295,15,11,16,0,0,1
1853,0,1,1,0,27,197,6,13,985,1005,1973,10,2,8,1,0,1
1149,1,0,4,0,30,106,6,5,1617,1675,3755,17,14,8,1,0,0
891,0,1,9,1,25,196,2,19,375,1724,2073,7,1,10,1,0,1
1911,1,0,7,1,64,163,8,8,1795,1958,3872,9,8,11,1,1,0
550,1,0,16,1,23,145,2,17,486,1930,302,18,5,8,1,0,0
576,0,0,0,1,27,121,2,4,757,1518,1519,18,6,8,1,0,1
1760,0,0,1,1,50,198,1,2,273,1704,2549,10,8,4,1,1,0
969,0,0,0,0,45,124,7,0,491,589,404,18,5,19,1,0,1
1160,0,0,1,1,63,166,3,2,762,859,595,18,4,15,1,0,1
827,0,1,2,1,18,160,2,16,448,821,1663,14,0,17,1,1,1
1786,0,0,9,1,58,161,7,10,231,1671,2764,9,3,7,1,1,1
774,1,1,2,1,8,136,1,4,1713,1865,2614,7,0,14,1,1,1
819,1,1,0,1,11,83,8,1,438,822,1094,10,5,15,1,0,0
1042,0,0,15,1,11,139,5,16,68,1018,2826,18,0,2,1,0,0
1368,0,1,10,0,50,97,7,18,698,829,2496,13,6,5,0,1,1
1592,0,0,6,1,50,181,2,17,510,522,2103,19,8,7,1,0,0
1067,0,1,11,0,14,146,1,15,965,1009,966,5,0,13,0,0,1
1892,1,0,5,0,47,110,4,10,1399,1564,2172,17,14,3,1,1,1
915,0,0,6,0,56,187,8,17,532,1448,905,19,10,12,0,1,0
774,1,0,7,1,55,124,3,18,8,896,3916,8,1,12,1,1,0
1848,1,1,2,1,42,179,2,10,154,605,3902,11,9,3,1,0,1
1501,0,0,12,1,2,187,1,15,198,1056,2487,13,12,16,1,1,1
1614,0,0,8,1,55,188,3,17,860,1330,3914,17,13,13,1,0,0
911,1,0,0,0,46,181,5,1,461,670,363,9,5,17,0,1,0
1520,0,0,1,1,24,199,5,8,109,1909,3233,13,3,4,1,0,1
1647,0,1,3,1,38,102,6,15,193,1185,2532,16,14,15,1,0,1
1347,0,1,8,1,53,108,6,15,961,1008,3836,15,3,14,1,0,1
967,1,0,4,0,25,92,8,9,243,1642,3076,7,4,18,0,1,1
1442,0,0,0,1,56,145,5,3,1626,1668,1513,11,8,7,1,1,0
1204,1,0,0,0,10,199,7,3,480,1482,1724,11,2,19,1,0,0
1320,0,1,0,1,41,144,7,2,123,1229,542,11,1,14,1,1,0
1800,1,0,2,1,8,100,7,6,400,823,3481,10,8,8,1,0,1
1567,0,1,3,0,22,153,3,19,190,1326,3991,15,2,10,1,0,0
1439,0,0,12,1,20,147,1,17,626,932,1790,19,12,15,1,0,1
1422,0,0,15,0,3,112,1,17,1,926,509,19,1,3,1,1,1
1591,1,1,4,1,52,161,3,16,548,1641,282,10,9,14,1,1,1
880,0,0,2,0,6,198,4,19,632,660,3006,6,4,3,1,0,0
1929,1,1,0,1,19,163,6,2,349,1051,1913,12,7,6,1,1,0
1642,1,1,0,0,5,102,5,2,1686,1889,1333,18,0,2,0,0,1
1511,0,1,3,0,21,114,3,18,1455,1982,3746,10,0,5,1,0,0
1312,0,0,5,1,10,163,2,9,95,893,3941,6,2,13,1,1,1
1852,0,0,4,1,10,196,1,18,580,1163,3970,13,1,11,1,0,1
972,1,0,8,0,44,82,7,10,297,589,3925,7,6,7,0,1,0
691,1,1,4,1,33,108,4,8,951,962,424,5,3,15,1,1,1
807,0,0,9,0,8,158,5,20,667,697,1284,17,13,2,0,1,1
1113,0,1,0,0,25,145,1,10,1047,1312,277,11,2,12,1,0,1
721,1,1,10,0,16,125,1,18,408,1862,1713,10,3,4,0,1,1
1188,1,1,0,0,54,198,6,2,1150,1469,485,12,7,7,0,1,0
1512,1,0,1,0,52,131,1,14,333,952,3002,6,5,7,0,0,1
805,1,0,0,0,64,97,4,14,641,704,418,11,6,17,0,1,1
918,0,1,1,0,8,123,7,5,653,671,1652,17,4,14,1,1,0
1320,0,1,7,0,48,168,5,16,103,1583,2893,8,5,9,0,0,1
1236,0,1,2,1,57,188,1,14,517,809,1406,14,12,20,1,0,1
1387,0,0,0,1,61,98,3,0,785,1151,629,5,3,11,1,1,0
1883,1,1,6,1,30,95,2,10,531,791,3724,16,15,20,1,1,1
839,0,1,0,0,14,175,7,3,564,1391,3835,15,8,11,1,0,0
1593,1,0,0,1,52,130,8,0,761,1336,1354,15,13,13,1,1,1
1722,1,0,7,0,25,88,6,19,1179,1638,2376,5,1,19,0,0,1
1954,0,1,8,0,7,126,3,9,673,690,3438,17,12,13,1,0,0
1788,1,1,15,1,2,150,6,20,472,1073,2655,12,2,4,1,0,1
1628,0,0,5,1,33,101,6,8,412,643,3361,16,10,13,1,0,0
1965,0,0,6,1,4,84,7,9,977,1660,3535,17,0,16,1,1,1
833,1,0,4,0,27,124,1,6,359,1395,2150,9,5,7,0,1,1
571,0,0,1,1,43,141,3,8,224,783,2587,7,5,18,1,0,0
1808,1,1,1,0,31,92,2,16,714,1208,2736,9,1,8,0,0,1
1860,0,1,2,1,55,83,6,3,195,799,676,15,0,4,1,0,1
1368,1,1,4,0,9,115,7,7,843,1145,2941,13,12,17,0,1,0
1161,0,1,0,1,21,126,8,12,308,1169,3336,6,4,14,1,0,1
1224,1,0,9,0,33,157,1,18,522,563,3796,10,5,13,1,1,0
902,1,1,0,0,63,122,5,14,364,1360,3654,18,8,15,0,1,1
787,1,0,15,0,11,93,1,16,806,1423,2934,8,6,14,1,0,1
854,0,0,2,0,30,125,8,5,518,1152,2889,5,2,11,0,0,1
1184,0,1,1,1,48,191,1,6,519,1577,3315,17,7,14,1,1,1
1973,0,1,5,1,39,152,4,6,792,1181,1993,9,0,5,1,0,0
510,0,1,3,0,35,120,3,6,382,1228,2509,17,2,11,0,1,1
966,0,0,8,1,34,118,2,10,214,1523,3534,18,17,11,1,1,1
1438,1,0,3,0,16,169,8,7,859,867,2246,14,11,15,0,0,0
1986,0,0,7,0,51,95,3,9,342,774,3165,5,0,13,1,0,0
1907,0,0,13,0,55,105,7,15,713,1513,286,14,4,17,1,0,1
1489,0,1,8,0,32,200,1,16,172,812,776,7,6,8,0,0,0
1843,1,1,13,1,16,134,6,18,118,580,3213,15,14,15,1,1,0
825,1,0,11,0,38,94,3,18,540,783,716,11,4,14,0,1,0
1286,1,0,10,1,16,98,2,18,18,662,424,10,5,4,1,1,0
840,0,0,0,1,63,137,7,19,987,1081,3486,12,8,18,1,1,0
757,0,1,5,1,58,163,4,7,535,697,3237,19,12,9,1,0,1
814,1,1,2,0,41,177,2,10,1092,1406,1944,16,6,12,1,0,0
1195,1,1,2,1,8,80,6,6,327,1001,643,14,2,19,1,0,0
767,0,0,7,1,10,107,4,12,517,1995,2317,6,0,12,1,1,1
1068,0,0,6,1,52,97,8,7,994,1500,1436,16,1,15,1,0,0
994,1,1,0,0,56,173,3,3,491,530,3190,5,2,20,1,1,1
1550,1,0,6,0,21,133,2,11,268,832,2338,16,1,15,0,1,0
1878,1,0,9,0,29,85,8,19,210,1026,1334,18,7,2,0,0,0
623,0,0,2,0,6,127,3,4,144,672,3657,17,3,19,1,1,0
1829,1,0,0,1,15,160,5,7,729,1267,2080,16,11,12,1,0,1
525,0,1,11,0,35,190,7,20,82,670,1609,16,11,3,0,0,0
1065,1,0,0,1,14,89,2,2,188,928,3078,10,1,18,1,0,1
1425,0,0,9,1,35,127,8,14,150,1897,590,13,2,6,1,1,1
1296,0,1,3,0,11,129,7,4,1222,1382,2552,19,8,10,1,1,1
642,0,0,3,0,34,197,2,15,331,1011,3355,12,5,13,0,0,0
1664,1,1,9,1,15,177,7,19,1178,1929,1968,12,7,9,1,0,0
1498,1,0,3,1,8,170,7,4,347,1076,3358,7,3,19,1,0,0
981,1,1,0,0,2,136,3,7,75,688,1539,19,12,19,0,0,0
1236,1,0,6,1,32,143,4,18,492,1403,942,16,12,14,1,1,1
1673,0,1,7,0,9,187,3,10,65,734,3669,9,1,10,1,0,1
712,1,0,6,1,9,172,2,14,881,1234,3612,13,5,4,1,0,0
569,1,1,10,1,4,170,3,19,351,1159,2351,8,7,10,1,1,0
603,1,1,0,1,64,156,6,0,1842,1968,604,10,4,8,1,1,1
1332,0,1,2,0,11,187,2,4,758,1165,1285,5,0,9,1,1,0
1413,0,0,0,1,13,128,1,0,1323,1481,515,5,0,18,1,1,0
1064,0,1,1,1,34,184,6,13,1175,1569,654,16,13,6,1,0,0
1444,0,0,2,0,48,82,5,17,1092,1554,2540,17,2,15,1,1,1
1366,1,1,5,1,53,161,5,9,647,1876,3869,17,5,14,1,0,1
906,0,1,7,0,18,136,2,11,1102,1793,3412,13,8,16,1,0,0
1554,0,1,3,1,47,185,5,12,319,1367,509,12,3,19,1,0,0
1187,0,0,0,1,21,122,6,6,215,1125,2547,10,3,5,1,1,0
1156,1,1,1,1,30,173,3,16,945,1913,2735,16,15,13,1,0,1
1918,0,0,1,0,22,139,1,5,381,1203,1369,9,6,6,0,1,1
841,1,1,8,0,39,199,6,13,546,828,2942,11,5,16,0,1,1
730,1,1,6,0,6,167,7,10,1096,1155,2812,10,1,17,0,0,0
878,1,0,13,1,31,153,4,18,575,618,3497,9,7,11,1,1,0
1059,0,1,0,0,50,182,8,1,519,1545,619,5,3,18,0,1,1
1578,0,0,8,0,3,200,1,20,342,670,3483,17,4,16,1,0,0
1829,0,0,0,0,36,112,5,1,291,563,1475,11,4,7,0,0,0
1132,0,0,0,0,8,157,1,4,1091,1293,1950,11,2,6,0,1,1
1652,0,1,4,1,40,198,7,6,352,1084,3592,7,6,6,1,0,0
912,0,1,0,0,58,107,5,1,165,1723,3573,17,3,20,1,1,0
1181,0,0,12,1,61,116,2,16,385,831,2020,6,0,18,1,1,0
1497,1,0,5,0,32,92,3,9,1920,1933,1329,6,1,7,1,1,0
1790,1,1,3,1,49,100,3,11,396,1980,3568,6,2,18,1,0,1
1742,1,0,3,0,49,100,1,9,1134,1469,1947,5,4,6,1,0,1
1549,1,0,4,0,8,158,5,7,721,1514,1998,12,7,15,1,1,0
1372,1,0,7,0,34,193,4,17,687,937,725,11,3,20,1,0,0
1112,0,0,0,1,12,190,4,6,777,1119,3302,11,0,20,1,1,1
1005,0,0,0,0,46,133,8,17,176,1556,3884,17,0,20,0,1,1
783,1,1,9,1,27,150,6,11,458,1263,1185,15,4,6,1,1,1
1698,0,0,10,1,26,105,2,18,485,1819,1656,5,3,17,1,0,1
899,1,0,3,1,53,192,4,11,641,1638,2870,19,16,10,1,0,1
1062,0,0,3,0,45,151,3,4,798,1435,911,14,2,9,0,0,0
989,1,0,4,0,17,166,3,19,256,1394,3892,18,7,19,1,1,0
1983,1,1,6,1,27,125,1,11,370,1197,3897,12,10,10,1,1,1
1800,1,0,5,0,53,87,1,12,191,1108,656,14,10,18,0,0,1
1254,0,0,0,1,45,146,3,3,1571,1956,606,7,2,2,1,1,1
868,0,0,0,0,30,83,4,0,276,1026,1653,11,7,17,1,0,0
1205,0,1,3,0,12,175,4,6,573,614,860,14,1,14,1,0,1
1284,1,1,0,0,10,155,2,14,160,516,2197,16,2,9,0,1,1
626,0,1,2,1,23,187,2,9,90,1334,3458,7,5,11,1,0,1
1763,0,1,1,1,53,101,4,20,138,806,2066,12,9,17,1,1,1
694,1,1,15,0,36,193,4,20,983,1230,3676,12,8,5,1,0,1
1265,0,1,4,1,49,90,1,5,275,687,1518,16,11,8,1,0,1
816,1,0,4,0,14,198,3,13,149,558,1018,17,10,15,1,0,0
904,0,0,3,1,35,168,3,4,42,507,1360,15,12,11,1,0,0
979,0,1,0,1,5,164,7,2,793,1670,3449,5,2,14,1,0,0
1531,0,0,0,1,60,162,6,1,625,765,2524,13,11,7,1,0,0
934,0,1,2,0,30,182,8,15,521,1190,703,10,8,7,0,0,1
1624,1,1,0,0,58,200,3,11,1530,1744,1251,13,4,18,0,1,1
874,0,0,5,0,8,185,1,20,442,1248,582,6,4,15,0,0,0
1027,1,0,0,0,63,102,5,4,152,714,1732,8,5,13,0,1,1
1966,0,1,15,1,48,144,1,16,1242,1973,1252,6,4,19,1,1,1
1048,1,0,2,1,29,182,1,4,29,1670,2146,11,10,2,1,0,0
1496,1,1,13,0,38,126,4,14,501,506,1927,17,4,6,0,0,1
959,1,0,15,0,13,155,4,16,87,736,3328,10,9,10,1,1,1
1349,1,1,5,0,55,105,7,7,648,1019,2462,15,7,17,1,0,1
1689,1,1,0,1,13,168,2,9,521,674,1172,12,11,17,1,1,1
1558,1,0,0,1,27,146,1,1,120,1409,3598,9,2,12,1,0,1
582,0,1,3,0,27,168,3,10,985,1420,2437,19,2,2,1,1,1
1485,0,0,3,1,44,138,4,14,341,774,3271,14,12,8,1,1,0
1991,1,0,11,0,9,94,3,12,751,1377,1511,17,8,9,0,0,0
553,0,1,2,1,23,119,3,3,993,1517,2981,7,3,14,1,0,0
1231,0,1,2,0,7,113,1,7,43,1663,3119,9,4,15,1,1,0
805,0,0,1,0,34,88,6,2,1262,1538,3647,18,11,9,1,0,1
764,1,1,1,0,13,152,8,2,361,511,3148,18,7,6,1,1,0
894,0,0,5,1,54,130,3,15,104,541,2829,11,5,13,1,0,1
1589,0,0,9,0,46,84,3,16,618,940,2373,11,9,20,1,1,0
1456,0,1,9,1,39,80,8,10,815,1666,3998,6,3,13,1,1,0
743,0,1,0,1,33,95,2,1,1587,1659,316,19,10,4,1,0,0
1061,1,0,3,1,52,109,7,4,138,1330,999,16,12,9,1,1,0
1428,1,0,0,0,7,153,4,2,584,983,1808,12,8,13,0,1,0
674,1,1,0,1,8,93,3,0,750,772,589,18,6,4,1,1,0
832,0,0,0,1,46,93,6,0,820,1366,3317,8,0,19,1,1,0
1625,1,1,2,1,50,107,8,17,8,1219,670,16,3,8,1,0,0
907,0,1,3,0,42,151,1,16,171,507,584,11,9,6,1,0,0
1631,0,0,2,1,13,166,2,16,960,1735,2173,12,3,8,1,1,0
1584,1,0,6,0,41,135,4,15,160,1291,1561,10,5,17,0,0,1
1382,1,0,7,1,13,199,2,18,612,719,2073,16,7,9,1,0,1
633,1,0,0,1,46,102,6,10,709,1915,1401,19,14,11,1,1,0
1444,1,0,9,0,38,104,7,16,624,917,3764,14,9,10,0,0,0
852,1,1,6,1,54,147,5,7,538,730,1275,13,7,12,1,0,1
922,1,0,0,1,47,157,8,14,1295,1808,1464,17,4,12,1,0,1
1745,0,1,4,1,57,159,3,16,1164,1908,2885,13,11,5,1,1,1
862,0,0,9,1,6,107,8,14,829,1977,3458,9,4,9,1,1,1
1754,1,1,1,1,52,101,4,3,199,1452,3019,11,6,19,1,0,1
1008,0,0,3,0,36,109,1,14,825,1972,1083,6,4,6,0,0,0
1569,0,1,3,0,33,147,1,13,519,930,3538,18,1,15,1,0,1
1596,0,1,7,0,7,149,2,9,169,1190,2493,14,12,13,1,1,1
1807,1,1,2,1,61,134,6,6,1734,1968,3726,8,5,15,1,0,0
1660,0,1,4,0,7,184,1,6,76,1165,1531,12,0,7,0,0,0
1861,1,0,4,1,55,148,7,8,1698,1877,601,7,5,4,1,0,0
648,0,1,4,0,8,91,5,19,819,1997,2991,8,7,4,0,0,1
1379,0,1,1,0,19,134,8,17,387,671,3912,11,2,19,0,1,1
1910,1,0,0,0,34,115,2,0,985,1284,309,8,4,10,0,0,1
1807,0,1,0,1,13,155,8,0,970,974,323,9,3,3,1,1,1
1923,0,1,7,0,46,191,1,10,767,1759,1489,10,9,3,1,1,1
1345,1,0,7,1,38,162,3,11,512,1465,1322,9,2,15,1,0,0
904,0,1,5,1,14,102,8,9,56,760,1846,7,0,3,1,0,1
1239,0,1,5,1,52,122,2,10,590,661,417,8,0,6,1,0,1
1330,0,0,6,1,52,84,4,12,462,1304,3269,19,6,8,1,1,0
516,1,1,1,0,30,138,1,12,126,698,3731,17,13,15,0,0,0
672,1,1,0,0,54,95,4,11,578,1143,667,17,8,14,0,0,0
892,1,0,0,1,47,94,1,18,655,1782,1241,12,3,9,1,0,1
1778,0,0,0,1,23,101,6,11,1028,1445,3941,19,6,13,1,0,0
1130,1,0,4,1,58,132,5,14,88,1261,1018,17,1,16,1,0,0
1359,0,0,4,0,59,86,2,6,1692,1902,3142,19,3,17,0,1,1
1866,1,1,3,1,47,89,5,9,358,1782,1444,7,4,20,1,0,0
1597,0,0,11,0,34,89,1,14,64,1667,934,16,10,9,0,1,0
1046,1,1,0,1,58,100,8,0,259,1040,3863,17,12,9,1,1,1
1035,0,1,2,1,44,99,3,3,236,1960,3506,14,5,12,1,1,0
1175,1,0,2,0,19,164,7,9,873,1394,1944,9,4,9,1,1,0
1261,1,1,0,1,11,90,4,0,858,1591,348,14,9,14,1,0,1
1068,0,1,9,0,51,124,4,15,1405,1910,550,12,8,6,1,1,0
1713,0,1,5,1,20,104,7,17,237,890,971,11,10,10,1,0,0
1688,0,0,0,1,21,170,7,0,650,864,3984,17,14,8,1,1,1
1413,1,1,4,1,45,104,5,6,1949,1994,2973,17,8,15,1,0,1
559,1,0,10,0,11,82,5,14,541,823,2019,10,4,16,1,1,1
1483,1,1,13,0,19,146,7,19,361,1552,1587,9,4,19,0,0,0
860,1,1,13,0,48,187,7,18,335,1463,1870,17,2,18,1,0,0
1090,0,1,5,0,27,91,4,16,1638,1910,1352,5,1,11,0,1,0
686,1,0,11,0,3,91,6,15,1109,1392,570,7,6,19,0,1,0
818,0,0,14,0,43,177,6,15,111,510,546,12,6,7,1,1,1
1456,0,1,5,0,49,193,3,20,1285,1427,3624,12,11,16,1,1,0
774,0,1,2,1,10,188,2,9,1480,1731,2944,8,6,2,1,1,1
1068,0,1,0,1,19,197,8,9,322,875,1209,19,12,12,1,1,0
1373,1,1,1,1,29,141,6,12,1220,1348,2752,15,2,7,1,1,1
1777,1,0,3,0,20,188,6,5,511,616,3868,5,1,7,0,1,1
594,0,0,2,1,28,132,5,3,1011,1263,3087,16,4,4,1,1,1
1524,0,1,5,0,57,124,2,12,629,635,947,11,4,16,0,1,1
511,1,1,12,0,50,175,3,16,140,622,1484,9,7,8,1,0,0
1402,1,1,3,0,46,87,7,12,1081,1767,347,17,0,12,1,0,1
965,1,0,15,0,53,131,8,19,297,653,3227,12,6,8,1,0,0
1270,1,0,0,0,58,104,5,1,1512,1716,3299,13,4,16,0,0,1
919,0,1,11,0,13,159,1,15,275,570,1028,8,4,17,1,0,0
1963,1,0,16,1,34,157,2,17,1136,1813,714,18,2,2,1,0,1
1977,0,1,2,0,31,173,8,6,1145,1356,2641,8,2,7,0,0,0
1881,0,0,4,0,51,158,5,7,477,1553,1229,12,0,14,1,0,0
683,0,0,5,0,19,173,4,17,954,1985,2622,16,3,5,0,0,1
772,0,1,7,0,6,100,2,10,741,1471,929,13,6,18,0,1,1
536,1,0,0,1,53,135,3,0,547,705,1211,15,10,7,1,0,1
1694,0,0,0,0,53,186,6,0,1194,1208,1653,7,5,6,1,0,0
1633,0,1,3,1,33,111,2,19,146,906,511,9,0,7,1,1,0
1371,0,0,4,0,52,167,4,19,471,663,3034,13,6,8,0,0,0
551,1,0,0,1,54,172,7,15,169,1916,1414,6,1,19,1,0,1
1221,0,0,1,1,28,139,1,7,1895,1976,2438,13,11,10,1,1,1
1000,1,0,12,0,63,179,8,18,1537,1761,3744,11,1,7,0,0,1
1986,0,1,3,1,64,162,4,20,236,1520,1377,5,3,15,1,1,1
1119,0,1,0,1,23,164,4,1,821,915,3520,7,4,7,1,0,0
1699,0,1,1,0,59,97,4,3,466,1768,3796,17,10,12,0,1,1
1099,0,0,13,1,61,146,3,20,393,1096,1699,17,10,3,1,1,1
1576,0,0,7,0,58,90,3,16,400,631,336,14,8,13,1,1,1
950,1,0,9,0,55,156,5,10,774,843,1095,14,12,13,0,1,0
1081,1,1,13,0,49,99,3,17,284,519,325,9,1,6,0,0,1
606,0,0,1,1,53,146,4,2,465,1152,1223,19,12,7,1,0,0
502,0,1,7,0,37,199,2,12,705,1810,1649,6,1,14,0,1,0
957,1,0,0,1,4,160,2,0,38,1682,1898,12,4,3,1,1,0
1658,1,1,0,1,38,159,5,0,51,739,2609,12,11,19,1,0,0
1681,1,1,6,0,18,167,1,7,850,1005,2265,5,3,20,1,1,1
1983,1,1,3,0,43,87,6,10,349,676,2775,9,4,3,0,1,1
1753,0,0,8,1,12,113,7,17,387,1595,1445,17,16,12,1,1,1
1632,1,0,0,0,41,132,4,1,706,1623,2614,5,4,15,1,0,0
1949,1,0,7,0,57,145,7,11,951,1178,356,5,3,19,0,0,0
1696,0,0,1,0,13,97,3,2,179,772,523,5,0,4,0,1,1
688,0,1,0,0,57,131,7,3,426,1964,3745,17,1,4,0,1,0
1104,0,0,1,1,60,199,2,13,653,1413,1229,6,0,3,1,1,1
1122,0,0,0,0,28,184,3,4,1578,1963,1402,14,10,3,0,1,0
504,1,1,2,1,46,172,5,14,280,1795,2085,13,5,8,1,0,0
1154,0,0,12,1,14,156,7,14,251,1801,587,8,3,4,1,1,1
1727,0,0,2,1,63,85,7,8,1463,1992,2457,19,13,7,1,0,1
1674,0,1,0,1,52,89,3,7,1432,1649,2030,7,0,6,1,0,0
1948,0,1,5,1,18,135,2,14,477,571,816,16,2,3,1,0,0
1218,1,1,3,0,39,150,7,14,1122,1746,1667,10,0,12,0,0,0
531,0,0,10,0,63,189,7,14,145,1903,2958,17,1,19,0,1,0
1057,0,0,4,0,5,154,5,13,416,1055,3705,6,4,13,1,0,0
576,0,0,1,0,30,162,8,5,847,893,2800,11,6,16,0,1,1
1960,1,0,1,0,7,165,7,9,868,877,3773,11,9,6,0,1,1
673,1,1,3,1,22,88,1,5,594,1088,2050,7,2,17,1,1,0
718,0,1,0,1,21,88,1,7,518,830,1754,17,11,9,1,0,1
864,0,0,3,1,35,103,3,7,663,1805,1904,12,8,13,1,1,1
547,0,1,1,0,37,154,5,4,371,541,2705,17,3,10,1,1,0
623,1,0,1,1,3,102,8,7,1749,1781,3537,16,13,3,1,0,1
1793,0,1,11,0,27,154,5,13,586,722,1370,16,3,19,1,0,1
1720,1,1,0,0,19,137,2,3,409,646,1222,13,2,7,0,0,0
812,0,1,1,0,64,106,4,7,35,1309,3102,6,0,2,0,0,0
980,1,0,0,1,33,160,6,0,1008,1758,2268,7,5,4,1,1,0
643,0,0,9,1,18,187,8,12,442,1079,2648,7,5,18,1,1,1
1925,0,1,0,1,16,175,8,11,983,1087,2173,7,3,19,1,1,0
1408,1,0,3,0,32,151,4,6,875,982,3162,19,18,3,1,0,0
1522,1,1,4,0,28,124,1,5,952,1191,1368,14,5,17,1,0,1
587,1,0,16,1,51,111,1,17,244,1361,2746,10,4,7,1,0,1
1959,0,1,5,0,18,191,6,20,65,1055,619,7,4,8,1,1,1
1872,0,1,3,0,17,89,6,6,1749,1767,724,17,3,9,1,0,1
1043,1,0,7,0,42,111,3,8,716,1626,912,16,9,6,0,1,0
1809,0,0,6,0,23,123,6,19,433,1661,2784,12,6,20,1,1,1
1703,1,0,5,1,23,92,6,7,134,521,793,7,3,17,1,1,0
1095,1,0,4,0,45,197,1,5,179,1247,560,9,1,10,1,1,0
1414,0,0,1,0,27,137,4,20,804,1564,312,5,2,8,0,0,1
1659,1,0,2,0,41,88,7,18,787,1515,545,12,0,9,0,1,1
1540,0,1,1,0,60,197,7,12,704,822,1591,19,0,2,1,0,1
1342,0,0,0,1,31,86,7,1,991,1638,2746,15,5,10,1,1,0
1189,1,0,13,0,8,198,3,14,379,932,893,9,6,13,1,1,0
518,1,0,0,1,62,128,6,0,489,710,2514,16,12,7,1,1,1
1449,0,1,3,1,10,144,1,12,1518,1883,1032,10,0,8,1,1,1
516,0,1,0,1,39,91,5,7,855,1401,819,8,0,10,1,1,1
1569,0,1,8,0,59,111,3,16,1261,1383,3672,15,2,15,1,0,1
1312,1,1,0,0,24,156,6,0,115,1791,3833,14,13,17,0,1,0
1893,1,1,1,0,23,179,8,3,1203,1432,1482,15,7,17,0,1,0
1076,0,0,3,0,14,105,5,4,545,1300,2043,7,5,14,0,0,0
530,1,0,1,0,40,118,6,2,818,1090,1229,16,11,2,0,1,0
1044,1,1,7,0,33,129,4,13,42,1262,1816,17,16,15,1,0,1
1330,0,0,11,0,37,126,7,20,1103,1637,2166,10,1,4,1,0,0
1836,0,1,0,0,14,104,5,1,168,1068,2469,18,6,7,1,1,1
1741,1,0,1,1,55,140,5,3,719,755,2575,13,10,7,1,1,1
1869,0,0,0,1,30,152,1,13,163,874,1375,15,3,19,1,0,0
1331,0,0,8,0,55,146,3,15,1162,1531,1732,6,2,11,1,0,1
1655,1,1,6,1,4,105,3,12,626,1348,673,10,3,12,1,0,0
605,0,0,9,1,18,162,2,14,329,656,2301,15,9,8,1,0,0
1245,1,0,2,0,30,105,5,3,330,1434,2676,17,8,7,1,0,0
1709,1,0,8,1,58,136,2,10,956,1292,1781,18,3,17,1,0,0
846,1,0,0,1,58,123,4,15,1140,1983,2248,16,8,13,1,0,0
1403,1,1,3,0,62,90,4,13,217,1623,921,14,13,18,1,0,0
688,1,0,0,0,2,89,3,2,271,869,391,5,2,8,1,1,1
775,1,1,1,1,10,185,7,14,444,1555,1719,19,3,18,1,1,1
1154,0,0,6,1,35,159,5,16,1003,1827,3262,16,15,16,1,0,0
1375,0,1,2,1,35,194,2,3,227,772,1947,15,13,15,1,1,1
1827,1,0,4,0,61,130,7,9,253,1764,2693,8,3,7,0,1,1
1697,0,0,0,1,60,90,4,0,88,1046,441,15,1,11,1,1,0
741,0,0,1,0,14,178,5,13,334,594,1886,19,11,9,1,1,1
1672,1,1,13,1,32,174,1,20,1281,1896,1267,17,4,20,1,1,0
514,1,0,4,0,57,186,3,7,168,1320,687,6,0,20,1,1,1
1375,1,1,2,0,12,105,1,13,898,1687,2890,17,1,12,0,0,0
989,1,1,4,1,55,124,1,12,46,1069,1737,8,5,10,1,0,1
1510,1,1,11,0,47,138,2,13,118,1170,887,18,6,5,0,0,0
1266,0,0,1,0,18,86,7,2,1187,1595,398,16,8,3,1,1,1
1396,0,1,0,0,46,138,7,1,1191,1347,2389,7,3,15,0,0,1
808,0,0,3,0,45,161,1,9,526,1324,3431,15,6,13,0,1,1
1542,0,0,1,0,43,182,2,11,346,966,3601,14,4,16,0,0,0
745,1,1,5,0,35,102,8,10,89,1538,2459,14,1,16,1,1,0
1735,1,1,0,1,59,148,6,0,137,846,3230,6,1,9,1,1,0
586,0,1,1,0,57,188,2,5,1226,1389,3646,15,4,11,1,1,1
1341,1,1,0,0,36,107,8,1,473,574,2200,18,14,15,0,1,0
781,1,1,1,0,64,88,2,7,368,607,3862,17,10,9,0,0,0
501,1,1,14,0,22,174,6,20,239,1636,3077,17,3,17,0,0,0
1224,1,1,2,1,44,139,2,9,622,709,621,11,4,14,1,1,1
1970,0,1,11,1,58,80,8,19,654,882,2372,14,12,2,1,1,0
618,1,1,0,1,63,138,2,1,853,1781,2574,14,3,5,1,1,0
1537,0,0,11,1,46,158,4,17,686,1305,2857,17,14,2,1,1,1
1018,0,0,8,0,16,153,8,10,992,1433,3143,17,12,20,0,1,0
1545,0,1,15,1,35,173,5,20,115,1352,3197,14,9,6,1,0,1
1871,0,0,4,1,41,144,8,5,275,1966,2727,15,8,11,1,0,0
1729,1,1,1,0,12,186,1,6,461,1178,1519,9,4,5,1,0,1
680,1,1,9,1,9,131,3,11,1428,1500,2438,14,2,17,1,0,0
1106,1,0,4,0,54,107,3,9,614,1212,2674,9,3,9,1,0,1
635,1,1,1,1,50,97,5,13,193,989,2107,13,12,12,1,0,0
618,0,0,8,0,16,143,1,14,1105,1602,2262,16,15,4,0,1,0
1671,0,1,13,0,5,179,8,18,398,1263,815,16,6,10,1,1,1
1562,1,1,0,1,52,105,7,9,480,728,2829,13,10,3,1,1,1
1975,1,1,2,0,31,151,1,17,775,1607,3022,13,5,19,0,0,1
831,1,0,2,1,62,134,8,9,1482,1490,2573,16,12,18,1,0,1
1524,1,1,0,0,10,174,4,1,154,550,2678,16,5,13,1,0,1
1528,1,1,3,1,55,129,5,6,454,1762,1282,11,9,11,1,1,1
1447,1,1,2,0,9,155,8,16,737,1455,568,12,11,8,0,0,0
1344,0,0,1,0,14,190,1,3,419,556,2074,8,1,5,1,1,0
564,0,1,1,0,8,130,2,3,853,1737,2227,9,2,14,1,0,1
921,0,1,1,0,60,83,2,3,1211,1229,1080,10,0,6,0,0,1
1413,1,0,2,0,10,200,6,6,314,1606,2867,5,4,15,0,1,0
831,0,0,10,0,55,86,6,12,172,1239,1075,12,11,3,1,1,0
802,0,1,3,0,43,153,5,6,527,734,3063,17,13,4,0,1,0
1923,0,0,3,0,24,86,4,4,874,1264,2479,9,2,15,1,1,0
1193,1,0,10,0,56,196,3,17,674,864,2394,19,11,14,1,1,0
904,1,1,10,1,31,112,3,11,657,1014,2814,13,3,19,1,0,0
1285,0,0,1,1,51,140,7,2,475,500,2094,8,0,10,1,0,0
1635,0,1,0,1,2,182,4,0,1209,1411,2315,10,1,2,1,1,0
1923,0,1,5,1,14,154,4,6,15,525,2519,13,0,16,1,0,1
1851,1,1,3,1,12,198,6,11,293,1967,735,7,6,14,1,0,1
727,1,0,0,1,32,131,7,1,813,1377,1891,19,13,7,1,0,1
1396,0,1,0,1,44,118,6,1,173,1843,1386,7,1,8,1,1,1
877,0,1,9,1,46,135,1,14,457,652,3260,14,12,6,1,0,0
696,1,0,11,1,35,103,3,13,533,797,2022,14,11,4,1,0,1
1009,1,1,2,0,2,102,8,14,912,1043,1716,7,5,15,0,0,0
1526,0,1,2,1,38,116,5,6,798,1418,3317,7,1,8,1,1,1
987,0,1,1,0,20,192,7,3,412,565,1454,11,3,8,1,1,0
1414,1,1,0,1,49,101,4,1,130,887,2290,13,0,12,1,1,0
1732,0,0,2,0,61,172,5,3,201,656,3940,17,11,20,0,1,1
1587,1,0,0,0,50,148,8,15,299,874,461,17,4,4,1,0,1
1097,0,0,10,1,21,160,7,15,1277,1352,2219,15,6,12,1,0,1
504,0,1,0,0,40,178,3,0,626,1195,470,6,0,16,1,0,0
1159,0,0,13,1,28,80,8,18,378,751,2495,10,0,9,1,1,1
1910,0,0,0,0,29,146,7,2,333,639,2944,8,7,2,1,1,1
865,0,1,8,0,59,159,3,9,805,1804,2361,16,11,19,1,0,1
1930,1,0,11,0,16,186,8,12,1901,1920,1783,17,3,13,0,0,1
860,1,1,8,1,40,170,3,13,1573,1581,2832,13,7,20,1,1,1
1268,1,0,9,1,42,182,6,17,360,912,931,11,5,20,1,1,0
999,1,1,0,1,27,167,4,1,20,745,1344,17,10,5,1,0,0
622,0,0,0,1,9,127,2,0,98,511,3916,13,1,5,1,0,1
1250,1,0,8,0,44,182,7,20,703,1011,1882,14,1,14,0,0,0
763,1,0,9,1,51,104,5,12,273,1278,2865,11,6,9,1,1,1
1100,1,0,12,0,15,112,8,14,919,1344,757,12,2,16,1,1,1
815,0,1,4,0,51,85,6,12,982,1291,3469,5,4,6,1,0,1
618,1,1,2,1,57,88,3,7,879,896,2399,18,15,17,1,1,1
553,1,1,0,1,18,136,2,1,1287,1892,3300,12,10,20,1,0,0
673,1,1,2,0,3,84,2,9,1109,1247,2719,19,2,9,1,1,1
563,0,1,3,0,47,115,7,12,211,684,3012,14,4,15,1,0,0
1590,0,1,12,1,14,187,4,15,1058,1109,2836,6,5,4,1,0,0
1031,1,1,2,1,11,121,2,9,532,1247,2385,11,7,16,1,0,0
909,1,1,9,0,30,97,3,10,290,773,594,12,0,4,1,1,1
1880,0,0,0,1,7,104,4,1,890,1019,2968,9,0,3,1,1,0
1479,1,1,0,1,24,146,6,0,327,645,3762,12,10,5,1,0,0
1271,0,1,0,0,2,161,1,1,1260,1788,892,15,13,20,0,1,0
709,0,0,11,1,13,81,8,15,570,1422,467,17,11,5,1,1,1
1744,0,0,0,1,62,158,1,0,621,1558,345,10,6,14,1,0,0
1314,1,0,0,1,40,116,7,1,328,1858,3033,9,8,17,1,1,1
1136,0,0,0,1,9,150,6,2,1307,1767,2110,9,5,16,1,0,1
1039,1,0,11,0,56,125,8,13,497,618,3105,14,8,5,0,1,1
1300,1,0,5,0,62,156,6,7,219,1037,874,15,3,10,1,1,0
732,1,1,7,1,39,188,7,11,1163,1554,3681,19,3,15,1,1,1
511,0,1,1,1,52,180,2,10,24,759,3865,8,3,7,1,0,1
1092,1,1,10,0,11,167,3,14,468,571,737,14,4,11,0,1,0
921,1,1,12,1,10,170,7,18,1272,1469,3153,8,2,11,1,1,0
1030,1,0,4,1,37,147,1,8,503,551,2800,8,6,12,1,0,1
1130,0,1,0,0,27,101,1,8,1495,1579,315,14,5,11,1,1,0
1299,0,1,2,0,60,187,8,6,1333,1838,1412,13,1,20,0,1,1
1009,1,1,7,1,2,115,7,15,267,1841,2286,19,8,13,1,0,0
1735,0,1,16,0,34,140,2,17,149,876,2392,17,15,19,1,0,1
1129,1,1,0,0,49,185,2,2,1070,1079,1857,8,4,5,1,1,1
708,0,0,0,0,26,116,7,1,206,620,1419,10,6,16,1,1,1
894,0,0,2,1,58,123,2,3,158,747,3305,12,7,2,1,0,0
530,0,0,1,0,32,88,6,20,48,1012,959,17,7,6,0,1,0
1481,1,1,0,0,35,105,3,0,249,522,2635,17,16,4,1,0,1
1068,0,1,0,1,45,194,5,1,935,1499,1754,17,7,9,1,0,1
1487,0,0,6,1,57,84,3,12,140,768,2563,18,4,14,1,0,0
1524,0,1,11,1,41,96,4,20,184,740,1936,7,0,9,1,1,1
1093,0,1,2,1,22,196,8,14,238,807,1869,8,5,4,1,1,1
1816,1,1,0,0,50,186,5,2,800,1089,3637,11,7,16,0,0,1
627,0,0,2,0,20,142,3,8,211,507,896,17,6,14,0,0,0
989,1,0,13,1,51,132,3,15,670,804,2349,10,1,20,1,0,1
1895,0,0,2,1,5,134,1,11,725,1335,774,15,4,6,1,1,0
805,1,1,0,1,58,168,3,10,81,1544,3397,7,6,2,1,0,0
713,1,0,7,1,2,181,8,9,1211,1378,485,10,6,4,1,1,1
864,0,0,10,1,24,148,4,15,1362,1378,3964,13,8,12,1,1,0
1177,0,0,1,0,11,181,4,7,945,1923,1887,8,5,11,1,1,1
582,0,0,8,0,32,107,3,11,1043,1702,2977,6,1,20,0,1,1
1898,0,1,3,1,56,185,7,4,444,739,2114,10,5,19,1,1,1
1158,0,1,1,1,29,123,2,20,311,1796,1542,17,9,15,1,0,1
1451,1,0,5,1,57,181,8,12,812,1456,3038,15,7,18,1,0,1
1820,1,0,5,0,51,163,7,10,202,1884,2481,11,9,11,0,0,0
984,0,1,3,1,9,140,3,20,531,707,841,18,15,16,1,0,0
580,1,1,0,0,24,135,4,5,404,898,3565,12,11,8,1,0,1
1263,1,0,0,0,5,146,6,3,954,1609,1958,9,6,4,1,1,1
1237,0,0,2,0,27,87,8,5,274,603,2454,14,0,8,1,1,1
514,1,0,7,1,37,172,1,9,956,1723,3392,12,8,5,1,1,1
1515,0,0,0,1,56,184,3,1,1438,1593,262,14,4,20,1,1,0
721,0,1,6,1,6,194,4,9,1446,1988,530,8,4,8,1,0,1
603,1,1,3,0,35,126,3,16,692,1057,3703,13,1,9,0,0,1
1426,1,0,2,1,55,109,1,7,777,1032,2562,5,1,3,1,0,0
1820,1,1,0,1,64,161,1,3,1157,1951,574,10,2,18,1,1,0
1215,0,0,4,0,16,130,4,8,454,1473,2632,7,1,15,0,0,1
697,0,1,5,1,20,173,2,6,478,1477,259,12,6,4,1,1,1
717,1,1,4,0,10,198,1,5,217,1106,688,10,7,15,0,1,0
1348,1,1,5,0,36,145,6,6,468,741,2554,19,1,12,0,1,0
1164,1,1,0,0,61,88,1,6,1107,1656,3859,11,10,17,0,1,0
578,1,0,9,1,62,170,5,13,626,1134,2977,15,12,5,1,1,1
1971,1,1,0,0,40,186,7,19,485,922,571,8,7,17,1,1,0
1794,1,1,5,1,55,86,7,7,43,627,402,14,7,14,1,0,1
1558,1,0,2,1,32,114,5,3,322,1385,878,16,5,17,1,1,1
1597,1,0,4,1,4,85,1,19,880,1145,2130,8,3,15,1,1,0
1240,0,0,0,0,39,146,2,9,1511,1756,3260,13,1,17,0,0,1
1994,1,1,2,1,7,88,8,4,667,711,454,11,8,6,1,1,0
1221,0,0,7,1,35,152,7,19,765,1899,2638,19,16,14,1,1,1
989,1,1,11,1,24,156,8,17,614,679,2819,16,13,5,1,0,1
1180,1,0,5,1,50,144,4,20,925,1252,1464,7,3,20,1,1,1
718,0,0,10,0,59,113,6,13,1185,1387,1824,11,9,3,1,1,0
1670,1,1,0,0,47,139,8,15,1706,1886,876,16,0,5,1,1,0
534,1,0,1,1,21,164,7,9,347,1477,2706,7,5,18,1,1,0
1566,1,1,0,0,20,126,2,0,1603,1930,659,14,9,13,1,1,1
1935,0,0,0,1,29,124,5,9,806,860,455,9,2,6,1,0,1
504,1,1,2,0,54,163,2,10,1207,1539,2378,17,11,2,1,0,0
913,0,1,1,1,41,103,1,14,431,1144,2278,15,3,18,1,1,0
1317,0,1,2,0,43,113,5,3,179,613,3436,16,13,5,0,1,1
917,1,0,1,1,31,88,6,2,423,909,3424,19,2,13,1,1,0
712,0,1,1,0,49,99,6,3,1131,1743,401,5,0,10,1,0,1
1083,0,0,6,0,52,126,2,20,925,1469,681,19,18,19,1,1,1
1039,0,0,5,1,6,136,6,8,62,544,3212,15,7,7,1,0,1
1747,0,0,4,0,13,185,6,12,800,873,3105,7,1,10,1,0,0
1449,1,1,0,0,52,105,6,0,211,947,2036,5,1,10,0,1,0
1872,1,1,14,0,49,139,7,18,81,1389,3153,16,15,5,1,1,0
1796,0,1,5,0,7,101,4,6,667,798,1642,9,4,3,0,1,1
1097,0,0,0,0,60,181,1,17,405,519,509,15,12,12,1,0,0
1562,0,1,1,1,20,172,8,10,678,1676,3465,16,11,6,1,1,0
1433,1,0,8,1,27,153,7,12,1619,1651,3900,18,16,2,1,0,1
740,0,0,1,0,12,123,1,11,935,1147,1105,7,6,19,0,1,1
676,0,0,1,1,39,84,1,5,864,1011,2064,13,7,6,1,0,0
503,1,1,1,1,13,131,1,4,1495,1688,3117,19,6,9,1,0,1
1020,0,0,13,1,7,96,3,18,870,1613,1142,13,9,8,1,0,1
896,0,1,3,1,4,111,1,4,1379,1469,1060,12,10,4,1,1,1
1824,1,0,4,1,19,143,2,5,1055,1738,2381,14,1,5,1,0,0
1512,0,1,1,1,54,134,3,2,220,1838,3366,7,3,11,1,0,1
1053,0,0,7,0,42,126,6,17,419,1261,1339,17,0,14,0,0,1
1944,1,1,0,1,31,87,4,10,1111,1362,2560,7,3,8,1,0,0
1174,0,1,1,1,25,91,2,8,1097,1461,285,19,7,3,1,0,1
627,1,1,3,1,12,131,7,17,447,819,2476,17,1,10,1,0,0
1602,0,0,4,1,46,118,1,5,273,1062,1862,16,9,2,1,0,1
1733,1,1,4,1,6,170,1,15,590,997,3488,6,4,10,1,1,1
586,0,1,10,1,8,142,8,14,116,598,3178,9,7,10,1,0,1
1528,0,0,2,0,37,156,8,3,306,564,733,15,0,14,1,1,0
875,0,0,2,0,23,110,7,7,300,1316,756,14,5,6,0,0,0
1602,0,0,12,0,58,170,1,13,1259,1746,3622,17,2,17,0,1,1
1426,0,0,4,1,12,174,5,16,1573,1694,1277,14,9,5,1,0,0
1370,0,0,5,1,6,158,6,8,1392,1783,3703,13,10,11,1,1,0
609,1,0,4,1,10,81,6,6,113,1524,1905,16,3,18,1,1,1
840,0,1,5,1,15,178,6,8,526,1728,2636,12,2,6,1,1,0
991,0,0,2,1,12,158,5,6,1209,1678,2014,11,9,10,1,0,0
1724,1,0,0,1,9,100,2,1,655,828,3056,18,16,6,1,0,0
584,1,0,0,1,19,168,3,0,1123,1622,465,12,8,4,1,1,0
860,1,1,1,1,49,141,6,13,692,979,3869,16,14,20,1,1,1
1541,1,1,10,1,28,165,5,15,796,1052,1108,12,1,7,1,0,1
615,1,1,7,0,58,130,5,8,1021,1958,1906,14,5,5,1,0,0
912,1,1,6,1,46,84,4,11,995,1310,851,8,4,4,1,1,1
1278,1,0,10,1,60,172,7,14,1244,1504,3142,11,4,19,1,0,1
1365,0,0,0,1,31,125,4,0,293,970,1300,14,7,13,1,0,1
1702,0,0,7,0,36,177,5,9,1240,1931,1430,8,6,10,0,0,0
589,1,0,1,1,59,146,8,4,759,1858,362,16,10,6,1,1,1
1347,0,1,10,0,56,95,1,19,398,1528,2456,13,0,13,1,1,1
1644,0,0,0,1,44,137,8,0,358,791,2360,7,4,19,1,0,0
956,0,1,1,0,42,133,7,11,403,1614,3700,10,0,7,1,1,0
1089,0,1,10,0,2,153,7,20,211,1409,2620,7,5,13,1,0,0
871,0,0,2,0,52,178,3,3,194,1437,437,14,7,17,1,0,0
664,0,0,5,1,6,164,2,19,1076,1472,3774,11,5,18,1,0,0
1874,1,0,1,0,19,192,2,9,1238,1418,1218,15,10,17,0,1,0
1928,0,0,5,0,5,162,5,16,229,1004,696,14,12,15,1,1,1
888,0,1,2,1,33,198,2,17,327,1683,3407,12,1,20,1,0,0
1077,1,1,1,0,58,86,7,13,135,1892,3902,9,3,3,1,0,0
1023,1,1,5,1,30,80,8,7,5,1744,2086,10,0,19,1,1,1
1426,1,0,2,1,42,84,3,10,715,1163,1356,15,9,16,1,0,1
831,0,1,7,1,26,177,5,11,511,621,1704,6,5,20,1,1,1
1496,1,1,0,1,6,85,3,9,549,1383,3571,16,1,11,1,1,1
1433,1,0,2,1,5,129,5,11,420,784,2132,18,15,19,1,0,1
1095,1,1,0,1,44,103,4,5,838,1066,3209,13,11,8,1,1,1
643,1,1,3,1,23,156,1,9,314,1400,2096,13,6,2,1,0,0
1142,1,0,0,1,6,198,4,0,739,1766,1273,19,0,6,1,0,0
730,1,1,3,1,27,112,5,10,62,846,3623,9,4,15,1,1,0
1901,1,0,5,1,41,131,2,17,3,1662,368,5,1,12,1,0,0
1510,0,1,1,0,32,135,3,8,963,1520,854,8,2,10,1,0,1
1924,0,0,0,1,59,136,6,0,1438,1923,3646,10,9,16,1,0,1
1825,0,1,13,1,17,157,4,18,1621,1773,3130,12,4,2,1,0,1
1275,1,1,3,1,5,152,1,9,19,501,3784,13,4,4,1,1,0
987,1,0,9,0,17,124,7,17,887,1274,3885,11,0,14,1,1,0
1538,1,0,6,1,13,121,7,7,567,986,1494,18,10,12,1,1,1
1965,1,0,4,1,29,149,5,13,584,676,2973,11,1,20,1,1,1
808,0,0,7,0,20,185,6,14,496,974,1471,13,4,11,0,1,0
712,0,0,6,0,27,86,2,11,1245,1309,2001,11,10,12,1,1,1
1507,1,1,0,1,42,123,5,0,682,888,1486,15,3,19,1,0,0
912,0,0,3,0,47,182,3,6,724,794,1321,7,2,6,0,1,1
769,1,0,2,0,17,95,8,4,1384,1454,1877,18,2,11,0,0,1
948,0,0,14,0,22,173,5,20,257,1654,3499,11,7,19,1,1,1
507,1,1,0,1,39,142,1,0,17,1084,2124,6,0,12,1,1,0
1384,1,1,15,0,60,82,3,18,983,1210,1221,18,12,15,1,0,1
1766,1,0,1,0,29,194,8,20,439,1306,2316,19,2,6,0,0,1
1407,0,1,5,1,16,170,4,6,925,1206,1068,6,0,8,1,1,0
614,0,1,3,1,24,94,4,7,409,603,1930,13,12,4,1,0,1
1972,0,0,9,0,14,196,7,18,293,952,1316,8,1,8,1,1,0
1039,0,1,8,0,47,130,8,9,384,1878,1742,18,12,15,1,0,0
511,1,1,5,1,34,125,8,13,149,1285,3265,14,7,14,1,0,0
1811,1,0,4,1,5,98,4,16,447,568,2700,13,7,8,1,1,1
1159,0,0,3,0,36,104,4,8,717,1206,2115,8,7,18,0,0,0
1848,0,1,7,0,12,178,2,19,195,533,3915,9,7,8,0,0,1
1988,1,0,0,1,16,94,8,1,153,696,3144,16,2,14,1,0,0
1469,0,0,3,1,58,150,7,8,1699,1850,1571,17,16,2,1,0,0
1423,0,0,12,0,44,131,5,13,501,640,2253,10,8,9,0,0,0
1974,0,1,9,0,10,145,6,12,530,1496,1433,6,1,17,0,0,0
835,0,1,2,1,42,128,5,18,396,1378,2583,15,2,13,1,1,1
1429,0,0,8,0,42,151,5,9,670,1552,1817,6,1,16,1,0,0
947,1,0,1,1,51,144,2,15,193,887,2915,17,1,6,1,1,1
1446,1,1,0,1,18,178,8,1,351,1769,3340,8,0,16,1,1,1
1332,0,1,5,1,7,168,7,19,846,855,2790,19,11,10,1,1,0
1498,1,1,0,1,14,191,4,1,111,1167,577,14,12,12,1,1,0
1576,1,1,0,1,14,173,2,4,1213,1386,3220,17,2,6,1,1,0
1398,0,1,8,1,26,150,1,12,755,1284,3488,14,3,11,1,1,0
1885,0,1,12,1,14,92,4,15,1406,1517,1277,9,6,16,1,0,1
798,1,1,7,0,2,148,2,15,497,627,3593,14,9,3,0,1,0
1436,0,1,0,1,42,124,8,1,1826,1836,2736,12,5,19,1,1,0
1998,1,0,8,0,31,196,8,19,50,1356,2311,17,9,18,1,1,0
1321,1,0,0,1,63,109,8,9,817,941,1464,7,6,16,1,1,1
1021,0,0,7,0,9,192,2,12,901,1793,1355,6,1,14,1,1,0
1339,1,1,0,0,40,123,2,1,212,1269,2382,6,4,7,1,0,1
1210,1,1,9,0,57,111,4,20,329,1039,1886,16,0,17,1,0,1
1949,1,1,2,1,31,145,5,9,837,1182,832,7,3,19,1,0,0
882,0,1,9,1,28,151,6,16,248,884,751,19,11,8,1,0,1
1549,1,1,0,1,27,113,5,7,632,1162,436,10,8,11,1,0,0
1991,0,1,1,1,42,82,1,13,366,613,722,6,5,10,1,1,0
796,0,0,2,0,12,114,1,8,174,518,1075,7,3,2,0,1,0
1012,0,1,4,0,39,161,4,6,882,1195,2802,8,0,10,1,1,0
1318,0,1,0,1,11,188,2,15,688,1591,1780,12,10,2,1,0,0
1708,0,0,8,1,14,197,4,16,263,1345,1247,19,16,16,1,0,0
598,1,1,8,1,62,117,8,9,118,764,3066,11,2,19,1,1,0
541,1,0,4,0,51,200,8,17,1012,1226,403,11,2,12,0,0,0
818,0,1,2,1,23,192,5,17,586,1552,2518,19,12,3,1,1,0
1414,0,0,0,1,15,168,2,0,294,1233,1069,18,6,14,1,0,0
601,1,1,3,1,6,169,4,11,818,1827,2651,14,8,9,1,0,1
561,1,1,2,1,40,99,7,6,426,865,2974,15,12,19,1,0,1
1616,1,1,3,0,52,100,5,8,151,1133,657,7,3,2,1,1,0
1263,1,1,1,1,32,103,2,2,409,644,3372,18,13,10,1,1,0
1604,1,1,0,1,63,93,5,2,641,1156,1464,15,9,20,1,1,0
539,0,1,1,0,24,86,4,2,958,967,1326,7,4,3,1,1,0
1071,0,0,0,0,49,199,4,5,1328,1970,3393,6,5,7,1,0,0
826,0,1,0,1,57,135,2,0,354,530,323,17,3,7,1,0,1
771,0,0,2,0,62,106,1,8,1709,1781,1628,9,3,6,0,1,0
1811,0,0,0,0,33,132,8,2,1099,1553,2610,8,3,13,1,1,0
1842,1,1,7,0,56,179,4,10,783,1227,3721,16,11,4,0,1,1
1420,0,1,1,0,50,100,8,8,194,1393,763,17,1,17,0,1,1
1763,0,1,12,0,10,184,3,19,238,1893,792,17,12,13,1,0,1
1163,1,0,6,0,2,133,5,20,919,1076,1568,14,0,19,1,0,0
1805,1,0,0,0,29,182,4,2,758,891,1276,19,4,17,0,1,0
610,1,1,9,0,52,90,4,19,1039,1273,3472,10,4,12,1,1,1
1533,1,1,18,1,17,160,4,20,1054,1393,2520,8,2,11,1,0,1
1924,0,0,3,1,63,111,2,10,122,686,3423,13,3,19,1,0,0
1801,0,1,6,0,52,120,6,10,100,1708,258,14,8,9,1,0,0
1726,1,0,1,1,42,106,5,3,1221,1804,1868,16,7,6,1,0,0
794,0,1,15,0,14,197,3,19,312,1376,2171,19,8,18,0,0,1
1686,1,1,4,0,28,182,5,8,599,1073,780,11,10,5,0,0,0
1444,1,1,0,0,6,103,1,1,1274,1340,712,17,5,10,0,0,0
1004,0,1,0,1,30,160,8,1,62,581,1012,7,4,13,1,1,1
1242,1,0,8,0,28,166,4,9,315,1796,318,11,10,19,1,0,0
539,0,0,6,1,26,137,6,8,1123,1709,3948,18,11,15,1,1,1
717,0,1,2,1,14,99,8,6,1878,1981,629,16,15,20,1,0,0
1540,0,1,0,1,29,157,7,1,318,831,1161,11,8,5,1,0,0